0,1,2,3,4,5,6,7,8,9,10,11,12,13,14,15,16,17,18,19,20,21,22,23,24,25,26,27,28,29,30,31,32,33,34,35,36,37,38,39,40,41,42,43,44,45,46,47,48,49,50,51,52,53,54,55,56,57,58,59,60,61,62,63,64,65,66,67,68,69,70,71,72,73,74,75,76,77,78,79,80,81,82,83,84,85,86,87,88,89,90,91,92,93,94,95,96,97,98,99,100,101,102,103,104,105,106,107,108,109,110,111,112,113,114,115,116,117,118,119,120,121,122,123,124,125,126,127,128,129,130,131,132,133,134,135,136,137,138,139,140,141,142,143,144,145,146,147,148,149,150,151,152,153,154,155,156,157,158,159,160,161,162,163,164,165,166,167,168,169,170,171,172,173,174,175,176,177,178,179,180,181,182,183,184,185,186,187,188,189,190,191,192,193,194,195,196,197,198,199,mean,
0.56,0.56,0.56,0.56,0.56,0.56,0.56,0.56,0.56,0.56,0.56,0.56,0.56,0.56,0.56,0.56,0.56,0.56,0.56,0.56,0.56,0.56,0.56,0.56,0.56,0.56,0.56,0.56,0.56,0.56,0.56,0.56,0.56,0.56,0.56,0.56,0.56,0.56,0.56,0.56,0.56,0.56,0.56,0.56,0.56,0.56,0.56,0.56,0.56,0.56,0.56,0.56,0.56,0.56,0.56,0.56,0.56,0.56,0.56,0.56,0.56,0.56,0.56,0.56,0.56,0.56,0.56,0.56,0.56,0.56,0.56,0.56,0.56,0.56,0.56,0.56,0.56,0.56,0.56,0.56,0.56,0.56,0.56,0.56,0.56,0.56,0.56,0.56,0.56,0.56,0.56,0.56,0.56,0.56,0.56,0.56,0.56,0.56,0.56,0.56,0.56,0.56,0.56,0.56,0.56,0.56,0.56,0.56,0.56,0.56,0.56,0.56,0.56,0.56,0.56,0.56,0.56,0.56,0.56,0.56,0.56,0.56,0.56,0.56,0.56,0.56,0.56,0.56,0.56,0.56,0.56,0.56,0.56,0.56,0.56,0.56,0.56,0.56,0.56,0.56,0.56,0.56,0.56,0.56,0.56,0.56,0.56,0.56,0.56,0.56,0.56,0.56,0.56,0.56,0.56,0.56,0.56,0.56,0.56,0.56,0.56,0.56,0.56,0.56,0.56,0.56,0.56,0.56,0.56,0.56,0.56,0.56,0.56,0.56,0.56,0.56,0.56,0.56,0.56,0.56,0.56,0.56,0.56,0.56,0.56,0.56,0.56,0.56,0.56,0.56,0.56,0.56,0.56,0.56,0.56,0.56,0.56,0.56,0.56,0.56,0.559999,
0.56,0.56,0.56,0.56,0.56,0.56,0.56,0.56,0.56,0.56,0.56,0.56,0.56,0.56,0.56,0.56,0.56,0.56,0.56,0.56,0.56,0.56,0.56,0.56,0.56,0.56,0.56,0.56,0.56,0.56,0.56,0.56,0.56,0.56,0.56,0.56,0.56,0.56,0.56,0.56,0.56,0.56,0.56,0.56,0.56,0.52,0.56,0.56,0.56,0.56,0.56,0.56,0.56,0.56,0.56,0.56,0.56,0.56,0.56,0.56,0.56,0.56,0.56,0.56,0.56,0.56,0.56,0.56,0.56,0.56,0.56,0.56,0.56,0.56,0.56,0.56,0.56,0.56,0.56,0.56,0.56,0.56,0.56,0.56,0.56,0.56,0.56,0.56,0.56,0.56,0.56,0.56,0.56,0.56,0.56,0.56,0.56,0.56,0.56,0.56,0.56,0.56,0.56,0.56,0.56,0.56,0.52,0.56,0.56,0.56,0.56,0.56,0.56,0.56,0.56,0.56,0.56,0.56,0.56,0.56,0.56,0.56,0.56,0.56,0.56,0.56,0.56,0.56,0.56,0.56,0.56,0.56,0.56,0.56,0.56,0.56,0.56,0.56,0.56,0.56,0.56,0.56,0.56,0.56,0.56,0.56,0.56,0.6,0.56,0.56,0.56,0.56,0.56,0.56,0.56,0.56,0.56,0.56,0.56,0.56,0.56,0.56,0.56,0.56,0.56,0.56,0.56,0.56,0.56,0.56,0.56,0.56,0.56,0.56,0.56,0.56,0.56,0.56,0.56,0.56,0.56,0.56,0.56,0.56,0.56,0.56,0.56,0.56,0.56,0.56,0.56,0.56,0.56,0.56,0.56,0.56,0.56,0.6,0.52,0.56,0.559799,
0.56,0.56,0.56,0.52,0.56,0.56,0.56,0.56,0.56,0.56,0.56,0.56,0.56,0.56,0.56,0.56,0.56,0.56,0.56,0.6,0.56,0.56,0.56,0.56,0.56,0.56,0.56,0.56,0.56,0.56,0.56,0.56,0.56,0.56,0.56,0.56,0.56,0.56,0.56,0.56,0.56,0.56,0.56,0.6,0.56,0.56,0.56,0.56,0.56,0.56,0.56,0.56,0.56,0.56,0.56,0.56,0.56,0.56,0.56,0.56,0.56,0.6,0.56,0.56,0.56,0.56,0.56,0.56,0.56,0.56,0.56,0.56,0.56,0.56,0.56,0.52,0.56,0.6,0.56,0.56,0.56,0.56,0.56,0.56,0.56,0.56,0.56,0.56,0.56,0.56,0.56,0.56,0.56,0.56,0.56,0.56,0.56,0.56,0.56,0.56,0.56,0.56,0.56,0.52,0.6,0.56,0.56,0.56,0.56,0.56,0.56,0.56,0.56,0.56,0.56,0.56,0.56,0.56,0.56,0.56,0.56,0.56,0.56,0.56,0.56,0.56,0.56,0.56,0.56,0.56,0.56,0.56,0.56,0.56,0.56,0.56,0.56,0.56,0.56,0.56,0.56,0.56,0.56,0.56,0.56,0.56,0.56,0.6,0.56,0.56,0.56,0.56,0.56,0.56,0.56,0.56,0.56,0.56,0.56,0.56,0.56,0.56,0.56,0.56,0.56,0.56,0.56,0.56,0.6,0.56,0.56,0.56,0.56,0.56,0.56,0.56,0.56,0.56,0.56,0.56,0.56,0.56,0.56,0.56,0.56,0.56,0.56,0.56,0.56,0.56,0.56,0.56,0.56,0.6,0.56,0.56,0.56,0.56,0.6,0.56,0.561199,
0.56,0.56,0.56,0.56,0.56,0.56,0.56,0.56,0.56,0.56,0.56,0.56,0.56,0.56,0.56,0.56,0.56,0.56,0.56,0.6,0.56,0.56,0.56,0.56,0.56,0.56,0.56,0.56,0.56,0.56,0.56,0.56,0.56,0.56,0.56,0.56,0.56,0.56,0.56,0.56,0.56,0.56,0.52,0.56,0.56,0.56,0.56,0.56,0.56,0.56,0.56,0.56,0.56,0.56,0.56,0.56,0.56,0.56,0.56,0.56,0.56,0.56,0.56,0.56,0.6,0.56,0.52,0.56,0.52,0.6,0.56,0.56,0.56,0.56,0.56,0.56,0.56,0.56,0.56,0.56,0.56,0.56,0.56,0.56,0.56,0.56,0.56,0.56,0.56,0.56,0.56,0.56,0.56,0.56,0.56,0.52,0.56,0.6,0.56,0.64,0.56,0.56,0.56,0.56,0.56,0.56,0.56,0.56,0.56,0.56,0.56,0.56,0.56,0.56,0.56,0.56,0.56,0.56,0.56,0.56,0.56,0.56,0.56,0.56,0.56,0.56,0.56,0.56,0.56,0.56,0.56,0.56,0.56,0.56,0.56,0.56,0.56,0.56,0.56,0.56,0.56,0.56,0.56,0.56,0.56,0.56,0.56,0.56,0.56,0.56,0.56,0.56,0.56,0.56,0.56,0.56,0.56,0.56,0.56,0.56,0.56,0.56,0.56,0.56,0.56,0.56,0.56,0.56,0.56,0.56,0.56,0.56,0.56,0.56,0.56,0.56,0.52,0.56,0.56,0.56,0.56,0.56,0.56,0.56,0.56,0.56,0.56,0.56,0.56,0.56,0.52,0.52,0.6,0.56,0.6,0.6,0.56,0.56,0.56,0.56,0.560399,
0.56,0.52,0.56,0.56,0.56,0.56,0.56,0.56,0.56,0.56,0.56,0.56,0.56,0.56,0.56,0.56,0.52,0.56,0.64,0.56,0.56,0.56,0.56,0.56,0.56,0.56,0.56,0.56,0.56,0.56,0.56,0.56,0.56,0.56,0.56,0.56,0.52,0.56,0.56,0.56,0.56,0.56,0.56,0.56,0.56,0.56,0.6,0.56,0.56,0.56,0.56,0.56,0.6,0.56,0.56,0.56,0.56,0.56,0.56,0.56,0.56,0.56,0.56,0.56,0.56,0.56,0.56,0.56,0.56,0.56,0.56,0.56,0.56,0.56,0.56,0.56,0.56,0.56,0.56,0.56,0.52,0.6,0.56,0.56,0.56,0.56,0.56,0.52,0.56,0.56,0.56,0.56,0.56,0.56,0.56,0.56,0.56,0.56,0.56,0.64,0.52,0.56,0.56,0.56,0.56,0.56,0.56,0.56,0.56,0.56,0.56,0.56,0.56,0.56,0.56,0.56,0.56,0.6,0.56,0.56,0.56,0.56,0.56,0.56,0.56,0.56,0.56,0.56,0.56,0.56,0.56,0.56,0.56,0.56,0.64,0.56,0.56,0.56,0.56,0.56,0.56,0.56,0.56,0.56,0.56,0.6,0.56,0.56,0.56,0.56,0.56,0.56,0.56,0.56,0.6,0.56,0.56,0.52,0.56,0.56,0.56,0.56,0.56,0.56,0.52,0.56,0.56,0.56,0.56,0.56,0.56,0.56,0.56,0.56,0.56,0.56,0.56,0.56,0.56,0.56,0.56,0.56,0.52,0.56,0.56,0.6,0.56,0.56,0.6,0.56,0.56,0.56,0.56,0.56,0.56,0.56,0.56,0.56,0.56,0.56,0.560999,
0.56,0.56,0.56,0.56,0.56,0.56,0.56,0.52,0.56,0.6,0.56,0.6,0.56,0.56,0.56,0.56,0.52,0.56,0.64,0.56,0.56,0.56,0.56,0.56,0.56,0.56,0.56,0.56,0.56,0.56,0.56,0.56,0.56,0.56,0.56,0.56,0.56,0.6,0.56,0.56,0.56,0.56,0.56,0.56,0.56,0.56,0.56,0.56,0.56,0.56,0.56,0.6,0.56,0.56,0.56,0.56,0.56,0.56,0.56,0.56,0.56,0.56,0.56,0.56,0.52,0.56,0.56,0.56,0.56,0.6,0.56,0.56,0.56,0.6,0.56,0.56,0.56,0.56,0.56,0.56,0.56,0.56,0.56,0.56,0.56,0.56,0.56,0.56,0.56,0.56,0.56,0.56,0.56,0.56,0.56,0.56,0.56,0.6,0.6,0.56,0.56,0.56,0.56,0.56,0.56,0.56,0.6,0.56,0.56,0.56,0.6,0.56,0.56,0.56,0.56,0.56,0.56,0.56,0.56,0.56,0.56,0.56,0.56,0.56,0.56,0.6,0.56,0.56,0.56,0.56,0.56,0.56,0.56,0.56,0.56,0.56,0.56,0.56,0.56,0.56,0.56,0.56,0.56,0.56,0.56,0.56,0.56,0.56,0.56,0.56,0.56,0.6,0.56,0.52,0.56,0.56,0.52,0.56,0.56,0.56,0.56,0.56,0.56,0.56,0.56,0.56,0.56,0.56,0.56,0.56,0.6,0.56,0.56,0.56,0.56,0.56,0.56,0.6,0.56,0.56,0.56,0.56,0.56,0.56,0.56,0.56,0.56,0.56,0.52,0.56,0.56,0.56,0.56,0.56,0.56,0.56,0.56,0.56,0.56,0.56,0.561999,
0.56,0.56,0.56,0.56,0.56,0.56,0.6,0.56,0.56,0.56,0.56,0.56,0.56,0.56,0.52,0.6,0.56,0.56,0.64,0.56,0.6,0.56,0.56,0.56,0.6,0.56,0.56,0.56,0.56,0.56,0.56,0.56,0.56,0.56,0.56,0.56,0.56,0.6,0.56,0.56,0.56,0.56,0.56,0.56,0.56,0.6,0.56,0.56,0.56,0.56,0.56,0.56,0.56,0.56,0.56,0.56,0.56,0.56,0.56,0.56,0.56,0.52,0.56,0.56,0.56,0.56,0.56,0.6,0.56,0.56,0.56,0.56,0.56,0.56,0.56,0.56,0.56,0.56,0.56,0.56,0.56,0.56,0.6,0.56,0.56,0.6,0.56,0.56,0.56,0.56,0.56,0.56,0.56,0.56,0.56,0.56,0.6,0.56,0.56,0.56,0.56,0.56,0.56,0.56,0.56,0.56,0.6,0.56,0.56,0.6,0.56,0.56,0.56,0.56,0.56,0.56,0.56,0.56,0.56,0.56,0.56,0.56,0.56,0.56,0.56,0.56,0.56,0.56,0.56,0.56,0.56,0.56,0.56,0.6,0.56,0.56,0.56,0.56,0.56,0.56,0.56,0.56,0.56,0.56,0.56,0.56,0.6,0.56,0.6,0.56,0.64,0.56,0.56,0.56,0.56,0.56,0.56,0.56,0.56,0.56,0.56,0.56,0.56,0.56,0.56,0.56,0.6,0.56,0.56,0.56,0.56,0.56,0.56,0.56,0.56,0.56,0.56,0.56,0.56,0.56,0.56,0.56,0.56,0.56,0.56,0.6,0.56,0.56,0.56,0.56,0.56,0.52,0.56,0.56,0.56,0.52,0.56,0.56,0.56,0.56,0.563399,
0.52,0.56,0.56,0.56,0.56,0.56,0.56,0.56,0.56,0.56,0.56,0.56,0.56,0.56,0.56,0.56,0.56,0.56,0.64,0.56,0.56,0.56,0.56,0.52,0.6,0.56,0.56,0.56,0.56,0.56,0.6,0.52,0.6,0.56,0.56,0.56,0.56,0.56,0.56,0.56,0.56,0.56,0.56,0.56,0.6,0.56,0.56,0.56,0.56,0.56,0.56,0.56,0.56,0.56,0.56,0.56,0.56,0.56,0.52,0.56,0.56,0.56,0.56,0.56,0.56,0.56,0.56,0.56,0.56,0.56,0.56,0.6,0.56,0.56,0.56,0.56,0.56,0.52,0.56,0.56,0.56,0.56,0.56,0.6,0.56,0.56,0.56,0.56,0.56,0.6,0.56,0.52,0.56,0.56,0.56,0.56,0.56,0.56,0.6,0.56,0.56,0.56,0.56,0.56,0.56,0.56,0.56,0.6,0.6,0.56,0.56,0.56,0.56,0.6,0.56,0.6,0.56,0.56,0.56,0.56,0.56,0.56,0.56,0.56,0.56,0.56,0.56,0.56,0.56,0.56,0.56,0.56,0.56,0.56,0.56,0.56,0.56,0.6,0.56,0.56,0.56,0.56,0.56,0.56,0.56,0.52,0.56,0.56,0.56,0.56,0.56,0.6,0.56,0.56,0.56,0.56,0.56,0.6,0.56,0.56,0.56,0.56,0.56,0.56,0.56,0.56,0.6,0.56,0.56,0.56,0.56,0.56,0.6,0.56,0.56,0.56,0.56,0.56,0.56,0.6,0.56,0.56,0.6,0.64,0.56,0.6,0.56,0.56,0.56,0.56,0.56,0.52,0.56,0.56,0.56,0.56,0.56,0.56,0.56,0.56,0.563199,
0.56,0.56,0.52,0.56,0.56,0.56,0.56,0.56,0.56,0.56,0.56,0.56,0.56,0.56,0.56,0.56,0.56,0.56,0.64,0.56,0.56,0.52,0.56,0.56,0.56,0.56,0.56,0.56,0.56,0.56,0.6,0.56,0.56,0.56,0.56,0.6,0.56,0.56,0.6,0.56,0.56,0.6,0.56,0.56,0.56,0.56,0.6,0.56,0.6,0.56,0.56,0.56,0.56,0.56,0.56,0.56,0.56,0.56,0.56,0.56,0.56,0.56,0.56,0.56,0.56,0.56,0.56,0.56,0.56,0.56,0.6,0.56,0.52,0.56,0.6,0.56,0.56,0.56,0.56,0.56,0.52,0.6,0.56,0.6,0.56,0.56,0.56,0.56,0.56,0.56,0.6,0.56,0.56,0.52,0.56,0.56,0.52,0.52,0.6,0.56,0.56,0.56,0.56,0.56,0.56,0.56,0.6,0.56,0.56,0.56,0.56,0.56,0.56,0.56,0.56,0.56,0.6,0.56,0.56,0.56,0.56,0.56,0.6,0.56,0.52,0.56,0.56,0.56,0.56,0.6,0.56,0.56,0.56,0.56,0.56,0.56,0.52,0.56,0.56,0.6,0.56,0.56,0.56,0.6,0.56,0.56,0.52,0.6,0.56,0.56,0.56,0.56,0.56,0.56,0.6,0.56,0.56,0.56,0.56,0.56,0.56,0.56,0.56,0.56,0.56,0.56,0.56,0.6,0.52,0.56,0.56,0.56,0.56,0.56,0.6,0.56,0.56,0.56,0.56,0.56,0.56,0.56,0.56,0.56,0.52,0.6,0.56,0.56,0.56,0.56,0.56,0.56,0.56,0.56,0.52,0.56,0.64,0.56,0.56,0.56,0.562799,
0.6,0.56,0.56,0.56,0.6,0.56,0.56,0.6,0.6,0.56,0.6,0.6,0.56,0.56,0.6,0.56,0.56,0.56,0.64,0.56,0.56,0.6,0.56,0.56,0.56,0.56,0.56,0.56,0.56,0.56,0.52,0.6,0.56,0.56,0.6,0.56,0.56,0.6,0.6,0.56,0.56,0.56,0.56,0.56,0.56,0.56,0.56,0.56,0.56,0.56,0.56,0.56,0.56,0.56,0.56,0.56,0.6,0.6,0.56,0.6,0.56,0.56,0.56,0.56,0.56,0.52,0.56,0.56,0.56,0.56,0.56,0.56,0.56,0.56,0.6,0.56,0.56,0.6,0.6,0.56,0.56,0.6,0.56,0.56,0.56,0.56,0.56,0.6,0.56,0.56,0.52,0.6,0.56,0.56,0.56,0.56,0.56,0.56,0.56,0.52,0.52,0.56,0.56,0.56,0.56,0.64,0.52,0.56,0.56,0.56,0.6,0.56,0.56,0.6,0.56,0.56,0.56,0.56,0.56,0.56,0.56,0.56,0.56,0.56,0.56,0.56,0.6,0.56,0.56,0.56,0.56,0.56,0.56,0.56,0.56,0.56,0.56,0.56,0.6,0.56,0.56,0.56,0.56,0.6,0.56,0.56,0.56,0.56,0.56,0.56,0.56,0.56,0.56,0.6,0.6,0.56,0.56,0.6,0.6,0.56,0.56,0.56,0.56,0.56,0.56,0.56,0.6,0.56,0.56,0.56,0.56,0.64,0.56,0.56,0.56,0.56,0.56,0.56,0.56,0.56,0.52,0.52,0.56,0.56,0.56,0.52,0.6,0.56,0.6,0.56,0.56,0.6,0.56,0.56,0.56,0.56,0.6,0.64,0.56,0.56,0.566799,
0.56,0.6,0.6,0.56,0.56,0.56,0.56,0.52,0.56,0.56,0.56,0.56,0.64,0.6,0.6,0.64,0.56,0.6,0.64,0.56,0.56,0.56,0.56,0.56,0.56,0.6,0.56,0.56,0.56,0.56,0.6,0.56,0.56,0.56,0.56,0.56,0.56,0.56,0.56,0.56,0.6,0.56,0.56,0.56,0.6,0.56,0.6,0.56,0.56,0.56,0.56,0.56,0.56,0.56,0.56,0.56,0.56,0.56,0.6,0.56,0.6,0.56,0.52,0.64,0.56,0.56,0.56,0.56,0.56,0.56,0.52,0.56,0.6,0.56,0.56,0.6,0.56,0.56,0.56,0.56,0.56,0.56,0.56,0.56,0.56,0.56,0.52,0.56,0.56,0.56,0.56,0.6,0.56,0.6,0.52,0.56,0.56,0.56,0.6,0.56,0.6,0.56,0.6,0.56,0.56,0.56,0.56,0.56,0.56,0.56,0.56,0.56,0.56,0.56,0.6,0.56,0.56,0.56,0.56,0.64,0.56,0.56,0.64,0.56,0.56,0.56,0.56,0.56,0.56,0.6,0.56,0.56,0.64,0.56,0.6,0.56,0.56,0.56,0.56,0.64,0.56,0.56,0.56,0.56,0.52,0.56,0.6,0.56,0.64,0.56,0.56,0.64,0.56,0.56,0.6,0.64,0.56,0.52,0.56,0.56,0.56,0.56,0.6,0.52,0.56,0.56,0.56,0.56,0.56,0.56,0.6,0.56,0.64,0.56,0.52,0.6,0.56,0.64,0.56,0.56,0.6,0.56,0.56,0.56,0.6,0.64,0.56,0.56,0.6,0.56,0.56,0.64,0.56,0.56,0.56,0.56,0.56,0.6,0.52,0.56,0.570199,
0.56,0.6,0.56,0.6,0.6,0.56,0.56,0.6,0.56,0.56,0.56,0.56,0.64,0.6,0.6,0.52,0.56,0.56,0.56,0.56,0.56,0.56,0.6,0.64,0.56,0.56,0.56,0.56,0.56,0.56,0.56,0.56,0.56,0.56,0.56,0.56,0.56,0.56,0.6,0.56,0.56,0.56,0.56,0.56,0.56,0.56,0.6,0.52,0.56,0.56,0.56,0.64,0.56,0.6,0.52,0.56,0.56,0.56,0.64,0.56,0.64,0.56,0.6,0.56,0.56,0.56,0.56,0.56,0.52,0.56,0.56,0.56,0.6,0.56,0.56,0.6,0.56,0.56,0.6,0.6,0.56,0.64,0.56,0.56,0.56,0.56,0.56,0.56,0.56,0.56,0.48,0.56,0.56,0.64,0.56,0.56,0.56,0.56,0.56,0.56,0.56,0.56,0.56,0.6,0.56,0.6,0.56,0.56,0.52,0.56,0.6,0.56,0.56,0.64,0.56,0.56,0.64,0.56,0.56,0.56,0.64,0.64,0.6,0.56,0.56,0.6,0.56,0.56,0.56,0.56,0.56,0.6,0.56,0.68,0.56,0.56,0.56,0.56,0.56,0.56,0.56,0.6,0.56,0.56,0.56,0.52,0.56,0.56,0.56,0.56,0.56,0.56,0.6,0.56,0.6,0.56,0.56,0.6,0.56,0.56,0.56,0.56,0.56,0.6,0.56,0.6,0.56,0.6,0.52,0.56,0.56,0.6,0.52,0.56,0.56,0.56,0.64,0.56,0.56,0.64,0.56,0.56,0.56,0.56,0.56,0.6,0.56,0.6,0.56,0.6,0.56,0.52,0.6,0.6,0.56,0.56,0.56,0.64,0.6,0.52,0.570799,
0.56,0.56,0.56,0.64,0.56,0.56,0.56,0.6,0.56,0.56,0.56,0.56,0.64,0.6,0.56,0.56,0.6,0.56,0.56,0.56,0.56,0.6,0.6,0.56,0.6,0.6,0.56,0.52,0.6,0.56,0.64,0.56,0.56,0.52,0.56,0.56,0.6,0.6,0.56,0.56,0.64,0.56,0.56,0.52,0.56,0.56,0.56,0.56,0.64,0.6,0.6,0.6,0.56,0.52,0.56,0.6,0.56,0.6,0.6,0.52,0.56,0.56,0.56,0.56,0.56,0.6,0.56,0.6,0.56,0.64,0.56,0.56,0.56,0.6,0.56,0.6,0.56,0.56,0.56,0.56,0.56,0.6,0.6,0.56,0.56,0.52,0.6,0.56,0.64,0.56,0.56,0.6,0.6,0.56,0.56,0.6,0.56,0.56,0.64,0.56,0.56,0.6,0.56,0.6,0.6,0.56,0.52,0.56,0.6,0.56,0.6,0.56,0.6,0.6,0.56,0.56,0.64,0.6,0.56,0.56,0.56,0.52,0.6,0.56,0.6,0.6,0.56,0.52,0.6,0.6,0.56,0.56,0.56,0.68,0.56,0.52,0.56,0.56,0.56,0.56,0.6,0.52,0.6,0.56,0.56,0.52,0.56,0.56,0.56,0.56,0.56,0.56,0.56,0.56,0.56,0.6,0.56,0.56,0.6,0.52,0.56,0.6,0.56,0.56,0.52,0.56,0.56,0.56,0.56,0.6,0.6,0.6,0.56,0.56,0.56,0.56,0.56,0.6,0.56,0.56,0.56,0.56,0.56,0.6,0.56,0.6,0.56,0.56,0.56,0.56,0.6,0.6,0.64,0.56,0.68,0.56,0.56,0.56,0.56,0.6,0.572999,
0.56,0.6,0.56,0.6,0.6,0.64,0.6,0.52,0.6,0.6,0.6,0.6,0.6,0.6,0.6,0.56,0.52,0.56,0.56,0.56,0.52,0.6,0.6,0.64,0.6,0.52,0.52,0.52,0.56,0.68,0.6,0.64,0.56,0.56,0.56,0.56,0.6,0.52,0.56,0.56,0.56,0.56,0.56,0.56,0.56,0.56,0.6,0.56,0.64,0.64,0.56,0.56,0.56,0.56,0.56,0.6,0.56,0.52,0.56,0.56,0.6,0.56,0.56,0.6,0.56,0.56,0.56,0.56,0.56,0.56,0.56,0.64,0.56,0.56,0.56,0.52,0.56,0.56,0.64,0.56,0.64,0.56,0.6,0.6,0.56,0.56,0.56,0.6,0.68,0.6,0.6,0.56,0.6,0.56,0.56,0.6,0.56,0.56,0.6,0.56,0.6,0.6,0.6,0.6,0.56,0.6,0.56,0.52,0.56,0.56,0.56,0.56,0.56,0.64,0.56,0.56,0.6,0.56,0.56,0.64,0.56,0.56,0.64,0.68,0.52,0.6,0.6,0.6,0.6,0.52,0.6,0.56,0.56,0.68,0.64,0.56,0.56,0.6,0.56,0.52,0.56,0.56,0.6,0.56,0.6,0.56,0.6,0.56,0.56,0.56,0.56,0.56,0.56,0.56,0.6,0.64,0.6,0.56,0.52,0.56,0.56,0.56,0.56,0.6,0.56,0.6,0.56,0.6,0.56,0.6,0.56,0.56,0.56,0.6,0.56,0.56,0.52,0.56,0.56,0.56,0.56,0.56,0.56,0.6,0.56,0.56,0.56,0.6,0.56,0.6,0.56,0.6,0.64,0.64,0.6,0.56,0.6,0.56,0.56,0.56,0.576599,
0.6,0.56,0.6,0.56,0.64,0.56,0.52,0.52,0.56,0.6,0.56,0.64,0.56,0.56,0.6,0.52,0.52,0.6,0.6,0.56,0.6,0.52,0.64,0.56,0.6,0.56,0.64,0.56,0.6,0.68,0.56,0.56,0.6,0.64,0.6,0.6,0.56,0.6,0.6,0.56,0.56,0.6,0.56,0.56,0.6,0.68,0.56,0.52,0.6,0.6,0.56,0.6,0.6,0.56,0.6,0.64,0.56,0.56,0.6,0.6,0.52,0.6,0.56,0.6,0.56,0.56,0.56,0.6,0.52,0.6,0.64,0.56,0.56,0.56,0.56,0.56,0.52,0.56,0.56,0.68,0.56,0.56,0.68,0.6,0.56,0.6,0.52,0.56,0.56,0.6,0.56,0.64,0.6,0.64,0.6,0.6,0.56,0.68,0.56,0.6,0.6,0.56,0.64,0.56,0.64,0.64,0.56,0.52,0.52,0.56,0.68,0.56,0.6,0.6,0.56,0.56,0.6,0.64,0.56,0.6,0.56,0.64,0.56,0.64,0.56,0.6,0.56,0.56,0.6,0.56,0.6,0.56,0.56,0.6,0.56,0.56,0.56,0.64,0.6,0.6,0.56,0.56,0.6,0.56,0.56,0.6,0.56,0.6,0.64,0.56,0.64,0.68,0.68,0.64,0.6,0.56,0.64,0.6,0.52,0.56,0.56,0.6,0.56,0.56,0.56,0.52,0.52,0.56,0.56,0.6,0.56,0.56,0.6,0.6,0.52,0.6,0.56,0.6,0.56,0.56,0.52,0.64,0.56,0.56,0.56,0.6,0.56,0.6,0.56,0.56,0.6,0.6,0.56,0.6,0.56,0.52,0.68,0.6,0.56,0.6,0.582799,
0.6,0.52,0.56,0.56,0.6,0.6,0.56,0.56,0.56,0.56,0.6,0.6,0.6,0.6,0.56,0.6,0.64,0.52,0.6,0.56,0.64,0.6,0.56,0.56,0.64,0.56,0.56,0.56,0.6,0.68,0.6,0.56,0.6,0.6,0.6,0.6,0.64,0.6,0.6,0.52,0.52,0.6,0.56,0.56,0.56,0.64,0.64,0.6,0.56,0.6,0.6,0.52,0.56,0.52,0.68,0.68,0.52,0.64,0.56,0.6,0.56,0.6,0.56,0.56,0.56,0.6,0.6,0.64,0.6,0.56,0.6,0.56,0.6,0.6,0.6,0.6,0.6,0.6,0.6,0.56,0.56,0.56,0.56,0.56,0.52,0.6,0.6,0.6,0.64,0.56,0.56,0.52,0.6,0.68,0.64,0.6,0.52,0.52,0.6,0.6,0.68,0.52,0.6,0.56,0.6,0.56,0.56,0.56,0.56,0.64,0.6,0.6,0.56,0.56,0.52,0.6,0.56,0.56,0.56,0.64,0.56,0.6,0.6,0.6,0.6,0.56,0.56,0.6,0.6,0.6,0.6,0.56,0.56,0.56,0.6,0.56,0.56,0.64,0.6,0.6,0.6,0.56,0.56,0.64,0.56,0.56,0.6,0.56,0.52,0.56,0.56,0.6,0.6,0.6,0.52,0.56,0.6,0.64,0.6,0.6,0.56,0.64,0.6,0.56,0.56,0.52,0.56,0.6,0.52,0.56,0.6,0.6,0.6,0.56,0.6,0.52,0.56,0.56,0.6,0.68,0.56,0.52,0.52,0.6,0.6,0.6,0.6,0.6,0.56,0.56,0.6,0.6,0.6,0.6,0.64,0.6,0.56,0.64,0.6,0.6,0.583799,
0.6,0.68,0.6,0.6,0.6,0.56,0.64,0.56,0.52,0.56,0.64,0.64,0.6,0.64,0.52,0.6,0.6,0.6,0.6,0.6,0.56,0.64,0.52,0.64,0.6,0.56,0.56,0.68,0.6,0.68,0.6,0.6,0.68,0.6,0.6,0.6,0.6,0.56,0.56,0.6,0.6,0.6,0.56,0.6,0.56,0.56,0.56,0.68,0.6,0.56,0.6,0.56,0.56,0.6,0.6,0.56,0.6,0.56,0.56,0.6,0.6,0.64,0.52,0.52,0.56,0.56,0.52,0.6,0.56,0.56,0.52,0.56,0.6,0.56,0.56,0.56,0.56,0.56,0.56,0.56,0.56,0.64,0.56,0.68,0.56,0.56,0.6,0.6,0.56,0.52,0.64,0.52,0.56,0.52,0.56,0.56,0.56,0.52,0.56,0.6,0.56,0.52,0.52,0.56,0.56,0.56,0.56,0.64,0.64,0.64,0.6,0.64,0.6,0.56,0.6,0.56,0.56,0.6,0.56,0.56,0.64,0.56,0.6,0.6,0.52,0.6,0.56,0.56,0.6,0.64,0.56,0.6,0.6,0.56,0.6,0.56,0.56,0.56,0.64,0.52,0.6,0.56,0.56,0.6,0.6,0.56,0.68,0.56,0.6,0.56,0.64,0.6,0.6,0.56,0.56,0.52,0.64,0.6,0.6,0.56,0.52,0.6,0.56,0.56,0.56,0.64,0.56,0.56,0.6,0.56,0.56,0.56,0.6,0.52,0.64,0.6,0.56,0.6,0.6,0.6,0.6,0.56,0.6,0.56,0.56,0.56,0.56,0.52,0.68,0.6,0.56,0.64,0.6,0.52,0.6,0.6,0.52,0.6,0.64,0.6,0.582999,
0.6,0.68,0.6,0.56,0.6,0.6,0.56,0.56,0.6,0.56,0.6,0.68,0.52,0.6,0.56,0.56,0.6,0.6,0.56,0.56,0.6,0.64,0.56,0.56,0.6,0.56,0.56,0.6,0.6,0.56,0.64,0.64,0.56,0.56,0.56,0.56,0.6,0.6,0.56,0.6,0.56,0.52,0.68,0.6,0.6,0.64,0.56,0.6,0.6,0.56,0.6,0.6,0.64,0.52,0.56,0.6,0.56,0.6,0.56,0.56,0.6,0.6,0.6,0.56,0.56,0.64,0.68,0.56,0.64,0.6,0.56,0.56,0.6,0.6,0.64,0.56,0.6,0.56,0.68,0.6,0.56,0.56,0.6,0.6,0.52,0.6,0.56,0.6,0.56,0.56,0.56,0.56,0.56,0.6,0.64,0.56,0.6,0.6,0.52,0.6,0.56,0.56,0.56,0.68,0.56,0.6,0.6,0.6,0.52,0.6,0.6,0.6,0.56,0.56,0.64,0.6,0.64,0.56,0.56,0.56,0.6,0.56,0.56,0.56,0.56,0.56,0.56,0.64,0.6,0.6,0.68,0.6,0.52,0.56,0.56,0.6,0.6,0.56,0.56,0.52,0.6,0.56,0.6,0.56,0.56,0.56,0.56,0.6,0.56,0.56,0.56,0.56,0.56,0.56,0.56,0.64,0.64,0.6,0.6,0.6,0.56,0.56,0.56,0.6,0.56,0.56,0.52,0.64,0.56,0.6,0.68,0.56,0.52,0.6,0.64,0.64,0.52,0.56,0.6,0.56,0.56,0.56,0.56,0.52,0.6,0.6,0.6,0.6,0.52,0.56,0.68,0.68,0.6,0.56,0.64,0.56,0.52,0.6,0.6,0.6,0.584599,
0.56,0.68,0.64,0.52,0.64,0.56,0.56,0.6,0.6,0.6,0.56,0.56,0.56,0.6,0.56,0.56,0.64,0.52,0.6,0.68,0.56,0.52,0.6,0.6,0.64,0.56,0.64,0.64,0.56,0.56,0.6,0.56,0.56,0.56,0.56,0.6,0.56,0.56,0.68,0.64,0.6,0.56,0.56,0.64,0.56,0.6,0.56,0.56,0.56,0.6,0.6,0.56,0.68,0.6,0.68,0.56,0.64,0.56,0.56,0.64,0.56,0.68,0.52,0.56,0.6,0.56,0.56,0.56,0.52,0.6,0.64,0.52,0.6,0.56,0.6,0.64,0.56,0.56,0.56,0.6,0.6,0.6,0.64,0.64,0.76,0.6,0.64,0.6,0.64,0.6,0.56,0.56,0.56,0.6,0.56,0.64,0.68,0.68,0.6,0.6,0.6,0.56,0.52,0.56,0.64,0.64,0.6,0.56,0.56,0.64,0.68,0.56,0.6,0.64,0.6,0.52,0.56,0.56,0.6,0.52,0.6,0.6,0.56,0.52,0.56,0.6,0.56,0.56,0.56,0.68,0.6,0.6,0.6,0.56,0.64,0.56,0.52,0.6,0.56,0.52,0.6,0.6,0.6,0.52,0.6,0.56,0.56,0.6,0.64,0.56,0.64,0.68,0.52,0.6,0.6,0.56,0.52,0.56,0.6,0.56,0.6,0.52,0.64,0.68,0.56,0.6,0.56,0.6,0.56,0.64,0.56,0.56,0.6,0.56,0.6,0.56,0.56,0.56,0.52,0.6,0.56,0.68,0.68,0.6,0.64,0.6,0.56,0.64,0.56,0.6,0.6,0.64,0.68,0.64,0.6,0.64,0.68,0.56,0.6,0.6,0.591599,
0.52,0.6,0.56,0.6,0.6,0.56,0.64,0.6,0.76,0.68,0.56,0.56,0.6,0.56,0.6,0.64,0.6,0.52,0.6,0.64,0.56,0.6,0.6,0.68,0.6,0.56,0.6,0.64,0.6,0.56,0.56,0.56,0.64,0.56,0.6,0.56,0.56,0.6,0.56,0.6,0.52,0.52,0.56,0.6,0.56,0.56,0.6,0.56,0.76,0.56,0.6,0.52,0.52,0.6,0.56,0.6,0.56,0.56,0.6,0.6,0.6,0.68,0.56,0.52,0.56,0.6,0.56,0.56,0.56,0.6,0.6,0.56,0.6,0.56,0.56,0.56,0.6,0.6,0.56,0.56,0.6,0.64,0.56,0.6,0.76,0.6,0.56,0.56,0.6,0.56,0.56,0.64,0.56,0.52,0.56,0.6,0.6,0.64,0.68,0.56,0.56,0.6,0.52,0.52,0.56,0.56,0.56,0.6,0.64,0.76,0.64,0.56,0.56,0.56,0.68,0.64,0.6,0.56,0.56,0.56,0.6,0.64,0.6,0.6,0.72,0.56,0.6,0.6,0.56,0.56,0.6,0.56,0.6,0.6,0.56,0.56,0.72,0.56,0.56,0.6,0.56,0.56,0.64,0.56,0.52,0.64,0.6,0.72,0.76,0.56,0.6,0.56,0.6,0.64,0.68,0.76,0.56,0.56,0.56,0.56,0.6,0.72,0.6,0.6,0.6,0.68,0.56,0.56,0.56,0.64,0.56,0.56,0.6,0.6,0.76,0.56,0.6,0.56,0.6,0.56,0.64,0.52,0.6,0.6,0.56,0.6,0.52,0.6,0.6,0.64,0.56,0.64,0.52,0.6,0.6,0.56,0.6,0.56,0.6,0.6,0.592999,
0.64,0.56,0.6,0.64,0.68,0.6,0.6,0.56,0.76,0.6,0.6,0.56,0.56,0.64,0.6,0.56,0.6,0.72,0.56,0.6,0.72,0.56,0.56,0.6,0.76,0.76,0.6,0.64,0.56,0.6,0.6,0.6,0.56,0.6,0.48,0.6,0.56,0.6,0.56,0.56,0.64,0.68,0.56,0.64,0.56,0.76,0.52,0.6,0.64,0.56,0.6,0.68,0.52,0.56,0.68,0.56,0.56,0.72,0.6,0.6,0.52,0.76,0.64,0.52,0.56,0.64,0.56,0.56,0.56,0.6,0.56,0.56,0.56,0.6,0.64,0.6,0.56,0.56,0.6,0.6,0.56,0.68,0.6,0.72,0.56,0.56,0.6,0.6,0.56,0.56,0.6,0.56,0.64,0.56,0.64,0.6,0.72,0.56,0.56,0.52,0.68,0.6,0.56,0.64,0.56,0.6,0.76,0.6,0.6,0.64,0.6,0.68,0.6,0.56,0.56,0.56,0.6,0.56,0.52,0.56,0.6,0.64,0.6,0.64,0.6,0.56,0.56,0.64,0.6,0.6,0.6,0.6,0.6,0.56,0.56,0.56,0.6,0.56,0.6,0.56,0.76,0.76,0.6,0.72,0.6,0.76,0.56,0.6,0.6,0.6,0.6,0.6,0.6,0.6,0.64,0.56,0.64,0.6,0.6,0.6,0.6,0.56,0.76,0.68,0.6,0.6,0.6,0.56,0.68,0.56,0.76,0.56,0.8,0.72,0.6,0.68,0.56,0.64,0.72,0.56,0.6,0.6,0.64,0.64,0.76,0.6,0.56,0.6,0.56,0.56,0.72,0.56,0.6,0.6,0.64,0.56,0.6,0.56,0.68,0.56,0.6088,
0.6,0.6,0.6,0.56,0.6,0.56,0.68,0.72,0.76,0.6,0.6,0.52,0.56,0.68,0.6,0.6,0.56,0.56,0.6,0.64,0.64,0.6,0.72,0.6,0.72,0.56,0.56,0.76,0.68,0.56,0.6,0.56,0.48,0.72,0.72,0.52,0.56,0.56,0.64,0.56,0.56,0.64,0.56,0.6,0.6,0.68,0.6,0.56,0.6,0.6,0.56,0.68,0.6,0.6,0.64,0.6,0.56,0.68,0.6,0.56,0.6,0.68,0.6,0.6,0.68,0.6,0.6,0.6,0.6,0.56,0.72,0.56,0.6,0.68,0.6,0.72,0.64,0.6,0.64,0.64,0.64,0.6,0.6,0.76,0.6,0.76,0.6,0.6,0.6,0.64,0.72,0.6,0.6,0.56,0.6,0.64,0.64,0.64,0.68,0.6,0.48,0.64,0.6,0.6,0.52,0.68,0.6,0.6,0.6,0.76,0.6,0.56,0.56,0.68,0.6,0.56,0.6,0.6,0.6,0.6,0.68,0.64,0.6,0.6,0.56,0.6,0.64,0.6,0.68,0.56,0.72,0.56,0.6,0.76,0.56,0.52,0.6,0.64,0.68,0.6,0.56,0.56,0.68,0.6,0.56,0.72,0.56,0.56,0.6,0.68,0.64,0.6,0.56,0.64,0.64,0.64,0.6,0.56,0.56,0.56,0.48,0.72,0.64,0.6,0.56,0.76,0.56,0.56,0.64,0.76,0.68,0.56,0.8,0.56,0.68,0.6,0.56,0.64,0.64,0.56,0.64,0.56,0.56,0.68,0.56,0.76,0.56,0.6,0.68,0.56,0.6,0.56,0.56,0.64,0.56,0.64,0.6,0.6,0.56,0.56,0.614599,
0.56,0.72,0.6,0.76,0.6,0.64,0.6,0.6,0.56,0.68,0.72,0.6,0.6,0.56,0.6,0.6,0.6,0.76,0.52,0.64,0.56,0.72,0.56,0.56,0.68,0.6,0.72,0.64,0.64,0.8,0.64,0.6,0.68,0.6,0.76,0.56,0.6,0.6,0.6,0.64,0.64,0.64,0.72,0.6,0.76,0.56,0.68,0.68,0.64,0.68,0.56,0.6,0.56,0.6,0.56,0.6,0.76,0.6,0.68,0.68,0.56,0.56,0.68,0.76,0.56,0.8,0.6,0.6,0.68,0.68,0.68,0.68,0.64,0.6,0.76,0.72,0.68,0.56,0.56,0.6,0.6,0.68,0.64,0.64,0.56,0.6,0.6,0.56,0.72,0.6,0.56,0.68,0.76,0.6,0.72,0.72,0.56,0.56,0.52,0.64,0.68,0.64,0.68,0.56,0.72,0.6,0.56,0.6,0.56,0.6,0.6,0.68,0.68,0.68,0.64,0.72,0.68,0.6,0.56,0.76,0.56,0.6,0.64,0.6,0.64,0.68,0.72,0.6,0.48,0.6,0.56,0.6,0.56,0.68,0.56,0.6,0.68,0.6,0.68,0.68,0.68,0.56,0.56,0.6,0.56,0.68,0.6,0.6,0.72,0.6,0.56,0.6,0.56,0.72,0.6,0.64,0.6,0.72,0.64,0.56,0.64,0.52,0.56,0.64,0.6,0.56,0.6,0.56,0.6,0.6,0.6,0.64,0.8,0.64,0.56,0.56,0.64,0.68,0.64,0.56,0.56,0.76,0.52,0.68,0.64,0.64,0.6,0.56,0.8,0.6,0.68,0.6,0.64,0.56,0.6,0.56,0.56,0.56,0.6,0.6,0.627799,
0.6,0.64,0.64,0.68,0.76,0.6,0.68,0.72,0.56,0.68,0.64,0.68,0.64,0.6,0.56,0.6,0.6,0.64,0.68,0.64,0.6,0.64,0.68,0.56,0.52,0.68,0.6,0.76,0.56,0.8,0.52,0.56,0.6,0.6,0.56,0.68,0.6,0.72,0.68,0.6,0.64,0.6,0.8,0.56,0.6,0.6,0.64,0.72,0.64,0.6,0.68,0.52,0.6,0.68,0.68,0.6,0.68,0.6,0.64,0.6,0.6,0.64,0.68,0.56,0.64,0.64,0.52,0.76,0.56,0.64,0.64,0.6,0.6,0.72,0.64,0.68,0.6,0.68,0.6,0.6,0.6,0.72,0.6,0.72,0.56,0.68,0.64,0.64,0.68,0.64,0.76,0.64,0.68,0.64,0.6,0.6,0.68,0.56,0.68,0.56,0.76,0.6,0.6,0.68,0.76,0.6,0.6,0.6,0.64,0.56,0.56,0.52,0.64,0.6,0.56,0.64,0.56,0.64,0.6,0.64,0.76,0.64,0.68,0.68,0.76,0.64,0.68,0.52,0.6,0.68,0.6,0.6,0.56,0.68,0.52,0.6,0.76,0.64,0.56,0.6,0.68,0.6,0.68,0.56,0.72,0.72,0.8,0.6,0.56,0.68,0.76,0.64,0.6,0.6,0.76,0.64,0.52,0.76,0.68,0.6,0.68,0.64,0.6,0.6,0.6,0.64,0.68,0.68,0.56,0.64,0.56,0.76,0.64,0.56,0.56,0.6,0.64,0.56,0.56,0.72,0.6,0.76,0.64,0.6,0.68,0.6,0.56,0.6,0.72,0.6,0.6,0.64,0.72,0.6,0.6,0.8,0.56,0.64,0.68,0.56,0.6352,
0.64,0.6,0.8,0.64,0.6,0.8,0.68,0.6,0.56,0.64,0.64,0.68,0.76,0.6,0.76,0.6,0.8,0.56,0.6,0.76,0.6,0.64,0.6,0.68,0.76,0.56,0.76,0.6,0.76,0.8,0.64,0.64,0.64,0.56,0.56,0.64,0.6,0.64,0.6,0.6,0.72,0.64,0.6,0.6,0.8,0.72,0.64,0.64,0.68,0.56,0.64,0.6,0.64,0.68,0.6,0.64,0.76,0.76,0.56,0.6,0.64,0.64,0.72,0.56,0.76,0.56,0.6,0.68,0.68,0.6,0.68,0.64,0.68,0.8,0.64,0.6,0.64,0.64,0.6,0.52,0.68,0.52,0.52,0.68,0.68,0.68,0.56,0.72,0.76,0.64,0.68,0.8,0.64,0.6,0.64,0.68,0.76,0.6,0.72,0.6,0.76,0.76,0.6,0.64,0.56,0.56,0.76,0.68,0.64,0.72,0.6,0.56,0.6,0.64,0.52,0.64,0.76,0.6,0.64,0.64,0.76,0.64,0.56,0.72,0.56,0.68,0.72,0.72,0.56,0.64,0.8,0.6,0.68,0.64,0.6,0.6,0.68,0.64,0.64,0.52,0.68,0.56,0.68,0.56,0.56,0.76,0.72,0.68,0.72,0.6,0.52,0.64,0.76,0.68,0.6,0.6,0.68,0.8,0.6,0.6,0.68,0.64,0.52,0.6,0.64,0.56,0.64,0.52,0.56,0.68,0.6,0.6,0.68,0.56,0.56,0.6,0.64,0.68,0.56,0.52,0.64,0.56,0.6,0.68,0.6,0.64,0.6,0.56,0.6,0.64,0.64,0.64,0.64,0.64,0.6,0.6,0.68,0.56,0.64,0.64,0.642999,
0.6,0.68,0.8,0.56,0.6,0.68,0.6,0.72,0.56,0.68,0.52,0.72,0.76,0.6,0.56,0.64,0.6,0.64,0.6,0.64,0.76,0.68,0.76,0.76,0.64,0.72,0.52,0.56,0.6,0.68,0.64,0.6,0.64,0.6,0.64,0.8,0.76,0.56,0.64,0.72,0.64,0.64,0.68,0.68,0.64,0.6,0.6,0.68,0.68,0.76,0.56,0.68,0.72,0.72,0.68,0.68,0.64,0.6,0.68,0.6,0.56,0.68,0.6,0.6,0.72,0.64,0.76,0.6,0.68,0.72,0.64,0.52,0.72,0.64,0.64,0.64,0.76,0.56,0.64,0.6,0.56,0.64,0.64,0.6,0.72,0.72,0.68,0.72,0.72,0.6,0.56,0.64,0.72,0.6,0.68,0.6,0.6,0.6,0.56,0.68,0.6,0.8,0.6,0.52,0.6,0.76,0.68,0.68,0.76,0.6,0.56,0.68,0.72,0.6,0.56,0.6,0.64,0.72,0.64,0.6,0.6,0.64,0.64,0.68,0.72,0.6,0.6,0.6,0.76,0.6,0.64,0.64,0.64,0.64,0.76,0.8,0.68,0.64,0.52,0.64,0.56,0.6,0.68,0.68,0.56,0.56,0.76,0.6,0.68,0.6,0.64,0.72,0.64,0.6,0.68,0.76,0.56,0.8,0.6,0.6,0.64,0.64,0.64,0.56,0.68,0.64,0.72,0.64,0.6,0.64,0.56,0.64,0.68,0.68,0.56,0.56,0.56,0.76,0.76,0.64,0.52,0.84,0.72,0.68,0.64,0.56,0.6,0.68,0.8,0.72,0.6,0.68,0.56,0.68,0.56,0.76,0.68,0.56,0.68,0.6,0.6486,
0.64,0.72,0.72,0.64,0.6,0.8,0.64,0.6,0.64,0.6,0.72,0.64,0.64,0.64,0.68,0.68,0.68,0.72,0.76,0.64,0.56,0.72,0.64,0.56,0.68,0.76,0.68,0.68,0.64,0.6,0.64,0.68,0.6,0.56,0.76,0.6,0.6,0.6,0.64,0.64,0.64,0.68,0.64,0.64,0.68,0.6,0.56,0.68,0.72,0.6,0.56,0.68,0.64,0.68,0.68,0.64,0.6,0.64,0.64,0.68,0.6,0.52,0.72,0.56,0.64,0.72,0.64,0.6,0.8,0.56,0.56,0.64,0.6,0.64,0.8,0.64,0.72,0.68,0.64,0.68,0.64,0.6,0.56,0.64,0.68,0.56,0.76,0.56,0.64,0.6,0.6,0.72,0.64,0.52,0.56,0.72,0.68,0.72,0.64,0.52,0.6,0.64,0.72,0.6,0.72,0.68,0.64,0.68,0.64,0.56,0.68,0.6,0.72,0.56,0.6,0.68,0.6,0.64,0.64,0.72,0.68,0.6,0.64,0.64,0.6,0.64,0.64,0.6,0.76,0.64,0.72,0.56,0.6,0.72,0.6,0.56,0.64,0.76,0.6,0.76,0.72,0.68,0.68,0.6,0.64,0.64,0.68,0.64,0.76,0.68,0.76,0.8,0.68,0.64,0.64,0.56,0.68,0.6,0.6,0.72,0.68,0.68,0.56,0.72,0.76,0.6,0.6,0.64,0.64,0.68,0.56,0.64,0.64,0.56,0.72,0.76,0.6,0.68,0.56,0.6,0.76,0.84,0.64,0.68,0.6,0.6,0.6,0.68,0.68,0.76,0.76,0.56,0.68,0.64,0.64,0.68,0.68,0.6,0.6,0.6,0.6504,
0.64,0.72,0.8,0.68,0.68,0.72,0.72,0.72,0.56,0.72,0.6,0.6,0.72,0.64,0.68,0.6,0.64,0.6,0.6,0.56,0.72,0.68,0.68,0.72,0.68,0.72,0.76,0.6,0.72,0.6,0.68,0.64,0.68,0.64,0.76,0.6,0.64,0.72,0.72,0.76,0.56,0.68,0.76,0.68,0.64,0.72,0.76,0.64,0.76,0.56,0.68,0.68,0.6,0.68,0.64,0.64,0.64,0.68,0.6,0.64,0.64,0.6,0.72,0.6,0.64,0.72,0.52,0.72,0.6,0.68,0.76,0.68,0.68,0.72,0.6,0.8,0.76,0.6,0.68,0.72,0.72,0.56,0.6,0.64,0.68,0.68,0.56,0.6,0.6,0.72,0.72,0.6,0.64,0.68,0.72,0.6,0.64,0.72,0.68,0.6,0.76,0.64,0.84,0.6,0.64,0.68,0.6,0.72,0.64,0.68,0.64,0.68,0.64,0.68,0.64,0.64,0.72,0.72,0.64,0.68,0.64,0.64,0.68,0.56,0.64,0.68,0.76,0.68,0.64,0.64,0.84,0.6,0.6,0.72,0.64,0.64,0.72,0.64,0.68,0.6,0.68,0.72,0.56,0.84,0.52,0.64,0.64,0.56,0.72,0.56,0.64,0.72,0.6,0.68,0.56,0.64,0.6,0.6,0.64,0.76,0.6,0.64,0.56,0.64,0.76,0.68,0.8,0.68,0.6,0.68,0.68,0.64,0.64,0.6,0.76,0.64,0.64,0.52,0.64,0.72,0.6,0.84,0.76,0.6,0.64,0.64,0.68,0.68,0.76,0.64,0.72,0.76,0.72,0.76,0.64,0.64,0.76,0.68,0.64,0.6,0.6652,
0.6,0.72,0.72,0.6,0.6,0.56,0.72,0.6,0.68,0.76,0.64,0.76,0.6,0.76,0.64,0.68,0.72,0.72,0.6,0.72,0.76,0.64,0.76,0.64,0.68,0.68,0.6,0.68,0.76,0.76,0.64,0.72,0.72,0.68,0.72,0.6,0.72,0.76,0.72,0.6,0.64,0.68,0.68,0.68,0.6,0.64,0.6,0.68,0.68,0.64,0.76,0.72,0.68,0.72,0.52,0.68,0.72,0.84,0.72,0.68,0.68,0.6,0.6,0.64,0.64,0.6,0.68,0.76,0.68,0.64,0.68,0.68,0.6,0.68,0.76,0.72,0.64,0.56,0.68,0.64,0.68,0.6,0.64,0.6,0.68,0.72,0.68,0.64,0.68,0.64,0.72,0.6,0.64,0.72,0.76,0.76,0.72,0.6,0.76,0.68,0.64,0.72,0.84,0.68,0.76,0.72,0.72,0.72,0.6,0.68,0.64,0.72,0.6,0.72,0.72,0.6,0.6,0.64,0.64,0.68,0.6,0.72,0.68,0.64,0.72,0.68,0.68,0.68,0.64,0.64,0.84,0.72,0.72,0.68,0.52,0.6,0.76,0.6,0.72,0.64,0.64,0.68,0.64,0.72,0.84,0.76,0.72,0.64,0.68,0.64,0.68,0.68,0.68,0.72,0.68,0.8,0.6,0.64,0.68,0.6,0.64,0.8,0.56,0.64,0.68,0.6,0.72,0.76,0.72,0.72,0.64,0.6,0.64,0.84,0.56,0.72,0.6,0.64,0.64,0.68,0.68,0.56,0.6,0.64,0.8,0.72,0.84,0.6,0.64,0.6,0.68,0.6,0.8,0.76,0.76,0.72,0.72,0.56,0.72,0.76,0.6774,
0.68,0.6,0.64,0.72,0.68,0.72,0.72,0.8,0.56,0.56,0.84,0.6,0.76,0.72,0.72,0.6,0.68,0.6,0.68,0.6,0.76,0.64,0.68,0.6,0.72,0.68,0.6,0.76,0.64,0.76,0.68,0.72,0.64,0.68,0.68,0.72,0.64,0.6,0.64,0.64,0.72,0.64,0.64,0.6,0.6,0.84,0.6,0.64,0.68,0.68,0.76,0.72,0.76,0.72,0.6,0.64,0.72,0.84,0.68,0.6,0.72,0.68,0.64,0.72,0.68,0.72,0.76,0.72,0.64,0.6,0.8,0.72,0.68,0.6,0.72,0.76,0.64,0.64,0.76,0.6,0.68,0.72,0.68,0.6,0.72,0.64,0.72,0.6,0.6,0.68,0.68,0.76,0.6,0.68,0.72,0.64,0.8,0.68,0.64,0.64,0.76,0.64,0.56,0.6,0.64,0.76,0.8,0.76,0.64,0.76,0.72,0.6,0.6,0.72,0.68,0.72,0.6,0.68,0.64,0.68,0.68,0.64,0.84,0.68,0.6,0.64,0.76,0.64,0.68,0.64,0.6,0.68,0.64,0.64,0.64,0.6,0.6,0.68,0.64,0.76,0.6,0.76,0.72,0.56,0.64,0.8,0.6,0.68,0.76,0.72,0.68,0.56,0.76,0.68,0.68,0.64,0.68,0.76,0.6,0.6,0.72,0.64,0.76,0.68,0.68,0.6,0.6,0.64,0.6,0.68,0.64,0.72,0.56,0.72,0.64,0.68,0.68,0.68,0.72,0.72,0.64,0.6,0.68,0.72,0.72,0.64,0.68,0.72,0.72,0.68,0.64,0.6,0.72,0.72,0.64,0.76,0.64,0.68,0.72,0.76,0.6764,
0.72,0.72,0.68,0.64,0.6,0.64,0.76,0.68,0.64,0.56,0.84,0.68,0.6,0.72,0.64,0.8,0.6,0.6,0.64,0.64,0.72,0.8,0.6,0.72,0.72,0.6,0.6,0.72,0.68,0.68,0.68,0.68,0.64,0.68,0.64,0.68,0.68,0.68,0.72,0.64,0.6,0.84,0.72,0.64,0.56,0.72,0.76,0.72,0.84,0.68,0.56,0.72,0.68,0.6,0.64,0.68,0.6,0.64,0.64,0.68,0.64,0.68,0.64,0.8,0.56,0.68,0.8,0.64,0.64,0.6,0.72,0.72,0.72,0.68,0.72,0.72,0.68,0.64,0.6,0.68,0.6,0.8,0.72,0.68,0.68,0.72,0.68,0.68,0.64,0.76,0.68,0.76,0.6,0.68,0.68,0.64,0.6,0.76,0.72,0.68,0.84,0.68,0.64,0.64,0.6,0.68,0.64,0.68,0.68,0.6,0.64,0.68,0.72,0.68,0.68,0.6,0.76,0.72,0.64,0.68,0.64,0.68,0.72,0.72,0.64,0.64,0.72,0.76,0.6,0.72,0.64,0.68,0.64,0.76,0.64,0.64,0.68,0.84,0.68,0.76,0.72,0.64,0.68,0.72,0.64,0.68,0.56,0.6,0.64,0.6,0.64,0.68,0.8,0.72,0.64,0.6,0.8,0.72,0.76,0.68,0.68,0.68,0.68,0.68,0.76,0.72,0.72,0.76,0.68,0.72,0.76,0.72,0.6,0.6,0.72,0.6,0.68,0.64,0.64,0.64,0.72,0.72,0.68,0.76,0.6,0.68,0.64,0.68,0.68,0.84,0.72,0.64,0.56,0.6,0.72,0.8,0.76,0.68,0.68,0.72,0.6808,
0.64,0.68,0.64,0.64,0.84,0.64,0.68,0.68,0.68,0.68,0.84,0.72,0.76,0.64,0.6,0.68,0.64,0.6,0.72,0.76,0.72,0.68,0.64,0.76,0.6,0.84,0.72,0.68,0.76,0.6,0.68,0.64,0.68,0.6,0.72,0.72,0.68,0.72,0.6,0.64,0.64,0.72,0.72,0.68,0.64,0.68,0.64,0.68,0.68,0.76,0.72,0.72,0.72,0.64,0.6,0.56,0.64,0.68,0.6,0.72,0.64,0.64,0.76,0.76,0.64,0.64,0.64,0.68,0.64,0.64,0.64,0.68,0.76,0.68,0.8,0.72,0.64,0.64,0.6,0.72,0.76,0.68,0.76,0.68,0.72,0.72,0.68,0.72,0.6,0.68,0.84,0.76,0.64,0.72,0.76,0.64,0.76,0.64,0.68,0.76,0.72,0.72,0.68,0.64,0.68,0.6,0.68,0.68,0.8,0.8,0.64,0.6,0.76,0.72,0.72,0.68,0.72,0.64,0.64,0.6,0.64,0.64,0.84,0.72,0.8,0.68,0.68,0.68,0.56,0.64,0.68,0.8,0.8,0.6,0.56,0.68,0.6,0.8,0.6,0.6,0.72,0.76,0.68,0.6,0.64,0.76,0.6,0.64,0.6,0.68,0.68,0.64,0.8,0.64,0.68,0.84,0.68,0.6,0.64,0.6,0.72,0.76,0.68,0.68,0.6,0.76,0.68,0.72,0.68,0.72,0.64,0.68,0.72,0.72,0.64,0.72,0.68,0.68,0.6,0.8,0.64,0.6,0.72,0.6,0.6,0.64,0.72,0.64,0.72,0.64,0.72,0.68,0.8,0.72,0.68,0.8,0.68,0.64,0.6,0.64,0.684,
0.76,0.76,0.64,0.84,0.84,0.72,0.64,0.68,0.64,0.68,0.8,0.72,0.64,0.76,0.68,0.64,0.68,0.68,0.64,0.6,0.84,0.72,0.6,0.68,0.76,0.64,0.64,0.68,0.76,0.76,0.76,0.72,0.6,0.6,0.64,0.68,0.76,0.68,0.72,0.6,0.68,0.72,0.68,0.72,0.72,0.6,0.76,0.76,0.72,0.6,0.68,0.68,0.72,0.68,0.6,0.68,0.76,0.72,0.68,0.68,0.64,0.64,0.72,0.68,0.72,0.68,0.6,0.6,0.76,0.64,0.6,0.64,0.68,0.6,0.64,0.72,0.6,0.64,0.68,0.68,0.64,0.8,0.68,0.64,0.76,0.72,0.64,0.8,0.72,0.76,0.68,0.68,0.68,0.64,0.64,0.64,0.76,0.68,0.68,0.64,0.64,0.68,0.8,0.68,0.68,0.72,0.64,0.68,0.64,0.64,0.68,0.8,0.64,0.76,0.68,0.72,0.64,0.68,0.64,0.64,0.6,0.6,0.68,0.72,0.8,0.72,0.56,0.72,0.6,0.56,0.64,0.72,0.8,0.64,0.8,0.72,0.72,0.76,0.68,0.64,0.76,0.68,0.72,0.8,0.72,0.64,0.76,0.8,0.6,0.64,0.72,0.76,0.72,0.72,0.68,0.6,0.76,0.6,0.68,0.84,0.64,0.68,0.68,0.6,0.64,0.6,0.76,0.72,0.6,0.72,0.76,0.64,0.72,0.72,0.76,0.76,0.76,0.6,0.72,0.68,0.72,0.72,0.72,0.68,0.64,0.72,0.84,0.76,0.88,0.64,0.68,0.76,0.72,0.6,0.8,0.64,0.76,0.76,0.64,0.72,0.6924,
0.72,0.76,0.72,0.72,0.64,0.68,0.6,0.76,0.68,0.68,0.8,0.64,0.72,0.6,0.56,0.72,0.64,0.72,0.8,0.84,0.64,0.68,0.64,0.64,0.64,0.8,0.72,0.68,0.68,0.76,0.8,0.64,0.64,0.76,0.76,0.6,0.6,0.72,0.8,0.64,0.68,0.72,0.76,0.6,0.68,0.68,0.84,0.8,0.72,0.6,0.68,0.72,0.68,0.68,0.72,0.68,0.72,0.72,0.72,0.8,0.64,0.76,0.88,0.72,0.68,0.64,0.72,0.68,0.68,0.68,0.6,0.72,0.68,0.76,0.72,0.72,0.84,0.72,0.6,0.72,0.64,0.6,0.6,0.72,0.64,0.8,0.72,0.64,0.68,0.64,0.72,0.64,0.72,0.68,0.64,0.68,0.72,0.72,0.6,0.64,0.68,0.64,0.72,0.64,0.68,0.64,0.68,0.68,0.64,0.68,0.76,0.64,0.72,0.64,0.72,0.68,0.8,0.64,0.64,0.8,0.6,0.64,0.64,0.68,0.68,0.72,0.76,0.76,0.68,0.72,0.72,0.64,0.68,0.64,0.8,0.68,0.68,0.68,0.76,0.64,0.76,0.68,0.72,0.72,0.72,0.6,0.84,0.56,0.64,0.68,0.72,0.64,0.64,0.72,0.76,0.6,0.76,0.8,0.72,0.72,0.68,0.68,0.72,0.68,0.68,0.6,0.64,0.6,0.76,0.72,0.64,0.68,0.64,0.8,0.68,0.68,0.68,0.64,0.76,0.68,0.72,0.68,0.56,0.6,0.76,0.72,0.68,0.76,0.88,0.6,0.64,0.68,0.72,0.84,0.68,0.68,0.68,0.84,0.76,0.68,0.6948,
0.76,0.64,0.76,0.76,0.72,0.68,0.68,0.64,0.8,0.76,0.64,0.76,0.56,0.84,0.8,0.64,0.68,0.72,0.84,0.64,0.68,0.72,0.64,0.64,0.72,0.72,0.76,0.76,0.64,0.72,0.64,0.64,0.68,0.72,0.72,0.72,0.68,0.64,0.76,0.68,0.8,0.64,0.84,0.6,0.88,0.76,0.72,0.72,0.64,0.64,0.72,0.6,0.72,0.64,0.72,0.68,0.72,0.68,0.72,0.56,0.68,0.84,0.88,0.64,0.68,0.72,0.76,0.68,0.68,0.72,0.68,0.72,0.76,0.6,0.68,0.68,0.68,0.64,0.76,0.64,0.64,0.68,0.84,0.72,0.68,0.72,0.72,0.64,0.68,0.72,0.72,0.64,0.64,0.72,0.76,0.64,0.76,0.72,0.68,0.64,0.64,0.64,0.6,0.68,0.6,0.64,0.8,0.84,0.72,0.8,0.76,0.56,0.6,0.68,0.56,0.68,0.72,0.76,0.8,0.84,0.84,0.72,0.68,0.68,0.68,0.84,0.68,0.68,0.76,0.68,0.72,0.64,0.8,0.64,0.72,0.64,0.68,0.76,0.64,0.68,0.76,0.72,0.76,0.68,0.68,0.8,0.6,0.64,0.68,0.64,0.68,0.64,0.76,0.64,0.72,0.84,0.68,0.64,0.6,0.64,0.64,0.72,0.72,0.68,0.8,0.84,0.68,0.76,0.68,0.72,0.64,0.72,0.6,0.6,0.6,0.72,0.68,0.76,0.64,0.76,0.68,0.68,0.6,0.76,0.6,0.8,0.84,0.72,0.8,0.72,0.64,0.72,0.72,0.88,0.68,0.76,0.72,0.68,0.76,0.68,0.7028,
0.64,0.68,0.8,0.6,0.72,0.68,0.68,0.72,0.76,0.68,0.68,0.68,0.72,0.72,0.76,0.6,0.8,0.84,0.64,0.64,0.8,0.8,0.64,0.72,0.88,0.84,0.68,0.6,0.68,0.76,0.76,0.68,0.8,0.84,0.6,0.68,0.76,0.76,0.56,0.64,0.76,0.64,0.64,0.64,0.88,0.72,0.56,0.68,0.84,0.72,0.8,0.76,0.64,0.64,0.76,0.72,0.84,0.72,0.6,0.64,0.8,0.72,0.6,0.76,0.64,0.68,0.72,0.64,0.72,0.64,0.64,0.68,0.8,0.72,0.76,0.68,0.56,0.76,0.76,0.76,0.56,0.76,0.76,0.72,0.68,0.64,0.72,0.68,0.64,0.76,0.72,0.76,0.64,0.76,0.76,0.68,0.68,0.64,0.72,0.72,0.84,0.68,0.84,0.72,0.8,0.64,0.88,0.76,0.64,0.72,0.76,0.68,0.72,0.76,0.72,0.68,0.76,0.8,0.76,0.68,0.6,0.68,0.64,0.68,0.68,0.8,0.68,0.68,0.68,0.84,0.72,0.72,0.64,0.64,0.72,0.72,0.68,0.68,0.64,0.68,0.68,0.64,0.6,0.68,0.64,0.64,0.76,0.72,0.64,0.72,0.6,0.84,0.8,0.68,0.68,0.84,0.6,0.64,0.8,0.6,0.76,0.72,0.68,0.64,0.68,0.76,0.64,0.8,0.68,0.64,0.76,0.56,0.72,0.72,0.68,0.76,0.72,0.72,0.68,0.68,0.64,0.72,0.64,0.76,0.8,0.68,0.72,0.68,0.76,0.84,0.84,0.6,0.6,0.72,0.64,0.72,0.88,0.72,0.76,0.92,0.7092,
0.72,0.72,0.72,0.72,0.72,0.64,0.76,0.76,0.68,0.68,0.8,0.64,0.64,0.68,0.68,0.72,0.76,0.6,0.64,0.68,0.72,0.68,0.72,0.72,0.8,0.68,0.68,0.84,0.72,0.76,0.68,0.64,0.72,0.68,0.84,0.72,0.68,0.6,0.72,0.68,0.68,0.68,0.72,0.68,0.72,0.72,0.88,0.6,0.8,0.64,0.72,0.68,0.72,0.68,0.68,0.76,0.88,0.76,0.76,0.76,0.68,0.76,0.6,0.64,0.8,0.68,0.76,0.56,0.72,0.76,0.68,0.68,0.76,0.68,0.76,0.64,0.72,0.88,0.88,0.64,0.84,0.64,0.68,0.6,0.68,0.68,0.68,0.68,0.6,0.68,0.8,0.68,0.72,0.72,0.68,0.72,0.68,0.68,0.64,0.84,0.8,0.72,0.72,0.68,0.76,0.64,0.84,0.68,0.8,0.6,0.68,0.64,0.72,0.68,0.68,0.68,0.68,0.84,0.56,0.8,0.64,0.8,0.6,0.68,0.72,0.72,0.64,0.64,0.68,0.76,0.64,0.88,0.72,0.68,0.8,0.6,0.56,0.76,0.8,0.88,0.72,0.72,0.76,0.76,0.8,0.68,0.72,0.56,0.68,0.8,0.68,0.84,0.72,0.68,0.68,0.68,0.76,0.64,0.64,0.72,0.8,0.76,0.88,0.72,0.72,0.68,0.76,0.72,0.76,0.72,0.64,0.8,0.68,0.68,0.68,0.6,0.72,0.6,0.72,0.72,0.64,0.64,0.76,0.6,0.72,0.6,0.68,0.64,0.84,0.6,0.84,0.72,0.68,0.72,0.68,0.72,0.8,0.76,0.84,0.92,0.7118,
0.72,0.68,0.68,0.72,0.72,0.64,0.72,0.8,0.68,0.8,0.72,0.6,0.72,0.76,0.72,0.68,0.68,0.64,0.68,0.72,0.68,0.56,0.68,0.6,0.72,0.64,0.68,0.64,0.68,0.84,0.76,0.72,0.72,0.68,0.68,0.8,0.68,0.68,0.6,0.72,0.72,0.56,0.6,0.64,0.72,0.68,0.6,0.76,0.8,0.72,0.76,0.8,0.68,0.72,0.76,0.76,0.64,0.76,0.68,0.64,0.64,0.72,0.56,0.68,0.8,0.8,0.72,0.72,0.8,0.68,0.76,0.76,0.72,0.64,0.68,0.64,0.56,0.68,0.76,0.68,0.68,0.68,0.84,0.8,0.72,0.76,0.64,0.68,0.76,0.72,0.72,0.68,0.72,0.72,0.64,0.64,0.56,0.72,0.72,0.72,0.76,0.72,0.76,0.64,0.8,0.68,0.56,0.64,0.68,0.68,0.84,0.68,0.72,0.76,0.72,0.68,0.64,0.68,0.8,0.76,0.64,0.68,0.68,0.72,0.8,0.72,0.8,0.64,0.8,0.64,0.76,0.64,0.72,0.76,0.6,0.88,0.68,0.72,0.72,0.72,0.72,0.68,0.8,0.8,0.64,0.72,0.76,0.76,0.76,0.68,0.72,0.64,0.68,0.76,0.64,0.72,0.84,0.64,0.8,0.8,0.64,0.6,0.84,0.84,0.8,0.64,0.84,0.68,0.72,0.8,0.64,0.6,0.72,0.72,0.8,0.8,0.76,0.72,0.72,0.76,0.76,0.8,0.6,0.8,0.64,0.68,0.68,0.64,0.72,0.8,0.6,0.76,0.84,0.76,0.72,0.8,0.64,0.72,0.76,0.92,0.7116,
0.68,0.72,0.64,0.68,0.8,0.76,0.72,0.68,0.84,0.84,0.6,0.88,0.68,0.8,0.8,0.76,0.76,0.76,0.68,0.72,0.76,0.76,0.68,0.84,0.8,0.76,0.68,0.64,0.68,0.8,0.76,0.72,0.84,0.64,0.8,0.72,0.72,0.76,0.76,0.76,0.76,0.64,0.68,0.6,0.76,0.68,0.68,0.76,0.84,0.64,0.68,0.72,0.6,0.76,0.72,0.72,0.64,0.8,0.76,0.64,0.76,0.76,0.8,0.76,0.76,0.72,0.76,0.8,0.72,0.76,0.76,0.84,0.76,0.76,0.8,0.72,0.68,0.76,0.8,0.76,0.8,0.76,0.76,0.72,0.72,0.68,0.68,0.72,0.56,0.8,0.76,0.76,0.68,0.84,0.64,0.8,0.8,0.72,0.72,0.68,0.68,0.84,0.72,0.72,0.72,0.6,0.68,0.76,0.76,0.68,0.76,0.72,0.76,0.6,0.76,0.68,0.72,0.8,0.68,0.68,0.72,0.68,0.76,0.76,0.84,0.8,0.72,0.72,0.76,0.8,0.64,0.68,0.72,0.68,0.72,0.64,0.84,0.64,0.64,0.84,0.76,0.64,0.72,0.72,0.72,0.84,0.68,0.72,0.76,0.76,0.64,0.76,0.72,0.6,0.8,0.64,0.64,0.68,0.8,0.64,0.68,0.68,0.72,0.72,0.8,0.76,0.76,0.72,0.6,0.68,0.72,0.68,0.84,0.8,0.72,0.76,0.68,0.72,0.8,0.64,0.88,0.8,0.72,0.72,0.68,0.68,0.72,0.72,0.6,0.76,0.72,0.56,0.8,0.64,0.72,0.68,0.64,0.68,0.68,0.92,0.7278,
0.72,0.72,0.72,0.8,0.68,0.8,0.72,0.72,0.8,0.6,0.64,0.76,0.72,0.76,0.68,0.84,0.68,0.76,0.8,0.84,0.64,0.84,0.72,0.68,0.8,0.76,0.8,0.76,0.8,0.76,0.76,0.8,0.8,0.8,0.72,0.8,0.68,0.64,0.72,0.68,0.76,0.64,0.8,0.84,0.72,0.84,0.76,0.64,0.72,0.8,0.72,0.84,0.76,0.68,0.64,0.72,0.72,0.8,0.64,0.72,0.68,0.72,0.84,0.64,0.8,0.8,0.68,0.88,0.68,0.8,0.76,0.56,0.68,0.72,0.76,0.72,0.72,0.68,0.76,0.68,0.8,0.84,0.76,0.64,0.8,0.72,0.68,0.8,0.76,0.64,0.72,0.64,0.76,0.76,0.72,0.76,0.76,0.76,0.64,0.76,0.68,0.8,0.8,0.72,0.68,0.8,0.72,0.76,0.72,0.72,0.8,0.76,0.64,0.72,0.72,0.76,0.8,0.76,0.68,0.76,0.68,0.72,0.68,0.64,0.68,0.84,0.72,0.72,0.6,0.72,0.76,0.68,0.76,0.72,0.68,0.64,0.76,0.76,0.76,0.8,0.88,0.76,0.84,0.76,0.64,0.84,0.8,0.64,0.72,0.68,0.72,0.8,0.76,0.76,0.68,0.72,0.76,0.76,0.76,0.76,0.72,0.72,0.76,0.76,0.64,0.76,0.8,0.72,0.84,0.72,0.68,0.72,0.72,0.76,0.8,0.76,0.88,0.92,0.8,0.8,0.76,0.84,0.72,0.84,0.76,0.8,0.68,0.76,0.68,0.72,0.72,0.68,0.8,0.6,0.64,0.8,0.8,0.84,0.84,0.92,0.742,
0.72,0.68,0.76,0.76,0.68,0.72,0.8,0.76,0.68,0.88,0.76,0.72,0.8,0.84,0.84,0.84,0.68,0.88,0.76,0.8,0.64,0.8,0.88,0.64,0.68,0.72,0.72,0.76,0.68,0.72,0.76,0.76,0.72,0.68,0.76,0.6,0.8,0.64,0.72,0.76,0.68,0.6,0.72,0.72,0.76,0.8,0.72,0.68,0.68,0.68,0.72,0.84,0.76,0.72,0.72,0.76,0.76,0.72,0.72,0.76,0.68,0.8,0.76,0.72,0.76,0.72,0.68,0.68,0.8,0.84,0.72,0.76,0.8,0.84,0.76,0.84,0.76,0.8,0.72,0.76,0.76,0.76,0.76,0.72,0.84,0.8,0.72,0.72,0.8,0.8,0.76,0.92,0.8,0.72,0.84,0.68,0.76,0.8,0.68,0.68,0.8,0.76,0.72,0.68,0.84,0.68,0.76,0.76,0.76,0.8,0.88,0.76,0.64,0.88,0.68,0.64,0.8,0.56,0.76,0.76,0.88,0.64,0.68,0.68,0.72,0.88,0.72,0.76,0.76,0.64,0.8,0.8,0.8,0.72,0.68,0.64,0.76,0.8,0.8,0.68,0.8,0.8,0.76,0.76,0.64,0.76,0.76,0.72,0.72,0.88,0.68,0.92,0.72,0.76,0.68,0.72,0.76,0.8,0.8,0.88,0.76,0.72,0.8,0.64,0.8,0.76,0.72,0.64,0.72,0.76,0.76,0.68,0.8,0.72,0.68,0.72,0.8,0.92,0.8,0.8,0.72,0.8,0.84,0.84,0.8,0.76,0.84,0.84,0.68,0.72,0.6,0.68,0.72,0.68,0.76,0.72,0.72,0.76,0.72,0.76,0.7494,
0.68,0.76,0.8,0.76,0.68,0.76,0.76,0.76,0.72,0.64,0.76,0.8,0.76,0.64,0.84,0.8,0.76,0.8,0.8,0.76,0.76,0.76,0.68,0.68,0.76,0.8,0.72,0.92,0.76,0.76,0.76,0.72,0.88,0.68,0.72,0.92,0.76,0.88,0.64,0.84,0.72,0.84,0.72,0.68,0.76,0.8,0.76,0.76,0.88,0.8,0.68,0.76,0.76,0.76,0.92,0.88,0.76,0.8,0.8,0.76,0.88,0.68,0.84,0.72,0.76,0.76,0.76,0.88,0.76,0.76,0.68,0.68,0.68,0.72,0.76,0.76,0.72,0.76,0.64,0.84,0.72,0.8,0.72,0.76,0.84,0.84,0.68,0.8,0.76,0.6,0.84,0.92,0.64,0.84,0.76,0.8,0.6,0.8,0.6,0.68,0.72,0.72,0.72,0.84,0.84,0.76,0.88,0.68,0.72,0.8,0.8,0.76,0.88,0.76,0.84,0.76,0.8,0.72,0.68,0.68,0.8,0.8,0.68,0.8,0.72,0.88,0.72,0.92,0.72,0.84,0.76,0.88,0.76,0.84,0.76,0.72,0.8,0.72,0.72,0.68,0.76,0.76,0.76,0.76,0.8,0.72,0.8,0.72,0.72,0.84,0.76,0.72,0.76,0.76,0.84,0.76,0.84,0.8,0.84,0.76,0.8,0.68,0.88,0.8,0.76,0.76,0.64,0.84,0.8,0.88,0.72,0.72,0.8,0.68,0.76,0.8,0.76,0.76,0.68,0.76,0.68,0.68,0.72,0.76,0.6,0.76,0.68,0.72,0.64,0.64,0.84,0.8,0.84,0.72,0.72,0.68,0.64,0.8,0.84,0.84,0.7616,
0.76,0.84,0.76,0.72,0.68,0.8,0.8,0.76,0.88,0.64,0.88,0.72,0.8,0.92,0.76,0.88,0.72,0.76,0.88,0.8,0.76,0.68,0.68,0.76,0.88,0.8,0.88,0.92,0.8,0.8,0.68,0.8,0.76,0.8,0.92,0.8,0.72,0.68,0.8,0.72,0.68,0.8,0.8,0.8,0.64,0.84,0.8,0.76,0.76,0.68,0.84,0.88,0.88,0.68,0.68,0.8,0.8,0.72,0.64,0.68,0.76,0.76,0.76,0.84,0.8,0.88,0.76,0.76,0.88,0.84,0.84,0.8,0.84,0.76,0.76,0.76,0.8,0.76,0.72,0.88,0.8,0.76,0.64,0.88,0.88,0.88,0.8,0.76,0.72,0.8,0.92,0.76,0.72,0.72,0.76,0.72,0.88,0.76,0.76,0.88,0.76,0.76,0.8,0.88,0.76,0.88,0.72,0.84,0.72,0.68,0.84,0.72,0.88,0.84,0.72,0.76,0.72,0.76,0.8,0.76,0.72,0.64,0.76,0.84,0.8,0.72,0.72,0.64,0.8,0.76,0.76,0.84,0.8,0.8,0.76,0.8,0.84,0.84,0.72,0.8,0.72,0.68,0.76,0.8,0.72,0.8,0.84,0.76,0.76,0.68,0.8,0.64,0.8,0.68,0.76,0.6,0.72,0.76,0.72,0.8,0.72,0.72,0.8,0.68,0.72,0.8,0.8,0.68,0.8,0.8,0.76,0.76,0.84,0.8,0.84,0.84,0.8,0.84,0.8,0.8,0.8,0.88,0.76,0.68,0.8,0.72,0.76,0.88,0.76,0.8,0.76,0.92,0.68,0.76,0.76,0.68,0.88,0.8,0.84,0.76,0.7768,
0.8,0.6,0.84,0.76,0.76,0.8,0.72,0.88,0.72,0.8,0.88,0.8,0.8,0.92,0.84,0.72,0.76,0.8,0.76,0.8,0.84,0.88,0.8,0.68,0.68,0.8,0.88,0.76,0.64,0.72,0.84,0.68,0.68,0.8,0.8,0.92,0.72,0.84,0.68,0.76,0.8,0.84,0.68,0.8,0.8,0.88,0.84,0.76,0.72,0.76,0.88,0.76,0.8,0.6,0.84,0.88,0.84,0.76,0.76,0.84,0.72,0.92,0.88,0.84,0.8,0.8,0.76,0.8,0.64,0.68,0.76,0.72,0.84,0.76,0.76,0.84,0.84,0.84,0.8,0.84,0.76,0.76,0.84,0.76,0.88,0.8,0.84,0.76,0.76,0.92,0.76,0.84,0.72,0.76,0.84,0.8,0.76,0.8,0.68,0.8,0.84,0.92,0.88,0.84,0.88,0.68,0.76,0.76,0.88,0.76,0.76,0.76,0.72,0.8,0.68,0.8,0.88,0.72,0.76,0.76,0.76,0.76,0.72,0.76,0.68,0.76,0.64,0.84,0.76,0.84,0.76,0.76,0.88,0.68,0.88,0.76,0.6,0.76,0.76,0.68,0.76,0.76,0.8,0.72,0.76,0.8,0.88,0.76,0.92,0.88,0.8,0.8,0.84,0.8,0.84,0.76,0.76,0.88,0.76,0.72,0.88,0.8,0.72,0.84,0.8,0.8,0.8,0.84,0.76,0.72,0.84,0.6,0.84,0.72,0.68,0.72,0.84,0.72,0.72,0.72,0.76,0.64,0.76,0.88,0.8,0.76,0.84,0.76,0.72,0.76,0.92,0.72,0.76,0.8,0.76,0.72,0.88,0.88,0.8,0.88,0.7836,
0.76,0.76,0.92,0.84,0.76,0.84,0.84,0.8,0.8,0.72,0.84,0.72,0.76,0.92,0.76,0.88,0.8,0.72,0.88,0.84,0.84,0.72,0.88,0.92,0.88,0.8,0.84,0.84,0.84,0.8,0.8,0.76,0.72,0.84,0.68,0.88,0.68,0.88,0.72,0.8,0.76,0.76,0.88,0.8,0.68,0.76,0.8,0.72,0.84,0.76,0.76,0.8,0.68,0.76,0.8,0.84,0.88,0.76,0.92,0.76,0.76,0.76,0.8,0.8,0.68,0.72,0.76,0.6,0.88,0.8,0.8,0.72,0.72,0.88,0.76,0.84,0.72,0.76,0.64,0.76,0.76,0.76,0.88,0.88,0.8,0.84,0.88,0.76,0.8,0.76,0.72,0.84,0.72,0.84,0.76,0.72,0.88,0.92,0.72,0.84,0.76,0.72,0.92,0.88,0.72,0.84,0.76,0.76,0.64,0.84,0.88,0.68,0.76,0.84,0.8,0.88,0.68,0.76,0.84,0.84,0.72,0.84,0.68,0.64,0.84,0.88,0.8,0.76,0.84,0.76,0.72,0.76,0.88,0.88,0.76,0.72,0.76,0.68,0.88,0.8,0.76,0.84,0.8,0.84,0.88,0.76,0.64,0.8,0.8,0.76,0.72,0.88,0.84,0.8,0.72,0.68,0.68,0.8,0.72,0.8,0.8,0.88,0.68,0.84,0.72,0.84,0.72,0.92,0.8,0.8,0.76,0.8,0.72,0.88,0.84,0.68,0.84,0.72,0.88,0.84,0.84,0.88,0.64,0.72,0.92,0.8,0.76,0.88,0.76,0.8,0.8,0.84,0.8,0.72,0.84,0.76,0.84,0.8,0.84,0.8,0.7908,
0.84,0.84,0.92,0.88,0.76,0.76,0.72,0.84,0.72,0.8,0.8,0.8,0.84,0.76,0.76,0.8,0.88,0.68,0.64,0.76,0.8,0.76,0.84,0.84,0.76,0.8,0.76,0.72,0.92,0.88,0.72,0.84,0.84,0.92,0.88,0.76,0.8,0.88,0.8,0.88,0.8,0.76,0.8,0.84,0.68,0.72,0.8,0.76,0.68,0.68,0.8,0.72,0.84,0.92,0.72,0.84,0.84,0.76,0.64,0.88,0.8,0.88,0.8,0.76,0.84,0.88,0.88,0.92,0.88,0.76,0.8,0.92,0.76,0.8,0.88,0.88,0.8,0.8,0.88,0.84,0.84,0.84,0.76,0.8,0.84,0.8,0.84,0.88,0.88,0.92,0.8,0.88,0.76,0.8,0.92,0.88,0.72,0.76,0.84,0.92,0.76,0.88,0.76,0.88,0.68,0.88,0.8,0.8,0.68,0.8,0.72,0.92,0.84,0.8,0.88,0.64,0.8,0.88,0.8,0.8,0.88,0.8,0.8,0.8,0.8,0.84,0.8,0.68,0.84,0.8,0.76,0.92,0.84,0.72,0.88,0.92,0.92,0.8,0.8,0.8,0.84,0.76,0.92,0.84,0.76,0.88,0.8,0.72,0.8,0.72,0.84,0.92,0.76,0.84,0.84,0.88,0.76,0.88,0.88,0.76,0.8,0.76,0.92,0.88,0.88,0.76,0.64,0.88,0.76,0.72,0.76,0.72,0.72,0.72,0.84,0.92,0.84,0.84,0.84,0.76,0.84,0.8,0.76,0.84,0.8,0.76,0.88,0.8,0.84,0.84,0.76,0.76,0.8,0.84,0.76,0.76,0.76,0.84,0.76,0.88,0.8098,
0.76,0.88,0.92,0.76,0.84,0.88,0.88,0.84,0.84,0.84,0.84,0.88,0.72,0.8,0.64,0.88,0.88,0.72,0.76,0.88,0.72,0.8,0.8,0.88,0.8,0.68,0.76,0.92,0.92,0.68,0.84,0.8,0.8,0.88,0.8,0.88,0.8,0.92,0.84,0.84,0.84,0.84,0.8,0.92,0.64,0.84,0.88,0.84,0.8,0.72,0.84,0.8,0.84,0.84,0.8,0.84,0.8,0.84,0.92,0.88,0.8,0.84,0.8,0.84,0.84,0.88,0.84,0.8,0.88,0.92,0.84,0.84,0.76,0.88,0.76,0.68,0.64,0.68,0.8,0.8,0.92,0.84,0.76,0.76,0.72,0.8,0.84,0.84,0.88,0.8,0.88,0.84,0.8,0.8,0.88,0.88,0.76,0.92,0.92,0.88,0.8,0.92,0.8,0.84,0.8,0.84,0.88,0.84,0.88,0.76,0.8,0.76,0.76,0.72,0.8,0.84,0.84,0.88,0.84,0.8,0.92,0.8,0.8,0.8,0.84,0.76,0.8,0.84,0.84,0.8,0.8,0.88,0.88,0.72,0.8,0.84,0.84,0.84,0.72,0.88,0.88,0.88,0.72,0.88,0.8,0.88,0.68,0.76,0.72,0.84,0.8,0.88,0.8,0.68,0.76,0.72,0.84,0.8,0.68,0.88,0.84,0.88,0.8,0.84,0.84,0.76,0.84,0.76,0.76,0.76,0.92,0.92,0.8,0.8,0.88,0.76,0.88,0.8,0.8,0.88,0.84,0.88,0.72,0.96,0.72,0.88,0.84,0.88,0.76,0.8,0.92,0.68,0.8,0.8,0.92,0.8,0.84,0.88,0.8,0.88,0.8198,
0.88,0.76,0.88,0.88,0.96,0.88,0.84,0.8,0.84,0.8,0.68,0.8,0.84,0.84,0.84,0.92,0.72,0.8,0.88,0.8,0.84,0.92,0.84,0.72,0.96,0.68,0.8,0.8,0.88,0.92,0.84,0.64,0.76,0.8,0.76,0.8,0.68,0.88,0.84,0.72,0.84,0.84,0.84,0.84,0.84,0.8,0.68,0.84,0.8,0.84,0.76,0.84,0.88,0.92,0.8,0.8,0.8,0.88,0.76,0.88,0.8,0.72,0.84,0.8,0.72,0.92,0.76,0.88,0.8,0.8,0.88,0.84,0.88,0.92,0.8,0.88,0.88,0.84,0.84,0.72,0.76,0.8,0.88,0.8,0.84,0.88,0.8,0.8,0.84,0.92,0.88,0.64,0.84,0.76,0.8,0.88,0.76,0.88,0.84,0.8,0.92,0.92,0.76,0.8,0.8,0.8,0.84,0.8,0.76,0.84,0.88,0.84,0.96,0.84,0.8,0.88,0.8,0.8,0.84,0.8,0.84,0.8,0.88,0.88,0.84,0.88,0.84,0.76,0.88,0.88,0.88,0.8,0.8,0.84,0.76,0.8,0.96,0.88,0.92,0.68,0.92,0.84,0.8,0.88,0.84,0.8,0.72,0.8,0.76,0.92,0.88,0.76,0.84,0.84,0.84,0.84,0.84,0.72,0.84,0.72,0.88,0.88,0.72,0.84,0.76,0.88,0.92,0.68,0.88,0.92,0.76,0.88,0.8,0.88,0.84,0.68,0.88,0.88,0.84,0.88,0.84,0.84,0.8,0.96,0.68,0.8,0.84,0.84,0.84,0.84,0.84,0.92,0.84,0.96,0.8,0.84,0.68,0.8,0.88,0.76,0.8264,
0.84,0.76,0.84,0.88,0.96,0.84,0.84,0.8,0.84,0.8,0.88,0.88,0.88,0.8,0.8,0.88,0.84,0.92,0.88,0.92,0.76,0.84,0.84,0.8,0.76,0.96,0.84,0.88,0.88,0.64,0.8,0.88,0.8,0.76,0.96,0.84,0.84,0.88,0.84,0.84,0.84,0.76,0.88,0.88,0.84,0.84,0.8,0.76,0.84,0.84,0.88,0.84,0.8,0.84,0.8,0.8,0.92,0.8,0.96,0.8,0.72,0.8,0.84,0.8,0.8,0.8,0.76,0.84,0.88,0.88,0.76,0.92,0.88,0.84,0.84,0.72,0.84,0.88,0.88,0.8,0.96,0.64,0.88,0.8,0.96,0.88,0.92,0.92,0.76,0.84,0.92,0.76,0.72,0.8,0.84,0.84,0.96,0.84,0.84,0.84,0.76,0.84,0.92,0.84,0.8,0.68,0.76,0.76,0.8,0.8,0.8,0.8,0.88,0.88,0.8,0.8,0.64,0.8,0.84,0.8,0.88,0.88,0.8,0.8,0.76,0.68,0.88,0.8,0.76,0.92,0.92,0.64,0.88,0.76,0.8,0.88,0.84,0.76,0.92,0.8,0.84,0.84,0.8,0.76,0.84,0.8,0.88,0.84,0.8,0.84,0.84,0.84,0.64,0.76,0.72,0.84,0.88,0.8,0.76,0.6,0.84,0.72,0.8,0.76,0.88,0.92,0.76,0.84,0.8,0.84,0.76,0.88,0.8,0.88,0.92,0.8,0.84,0.92,0.88,0.84,0.68,0.84,0.84,0.8,0.84,0.8,0.84,0.88,0.84,0.84,0.84,0.84,0.8,0.88,0.96,0.84,0.8,0.84,0.88,0.88,0.8278,
0.8,0.88,0.84,0.88,0.96,0.68,0.88,0.92,0.84,0.76,0.92,0.88,0.84,0.72,0.76,0.88,0.84,0.84,0.92,0.88,0.88,0.8,0.8,0.88,0.84,0.84,0.84,0.72,0.8,0.88,0.84,0.84,0.92,0.88,0.8,0.76,0.8,0.96,0.84,0.88,0.92,0.8,0.76,0.84,0.8,0.72,0.88,0.76,0.8,0.92,0.84,0.92,0.76,0.84,0.8,0.72,0.84,0.8,0.88,0.8,0.92,0.8,0.92,0.8,0.68,0.84,0.8,0.88,0.88,0.8,0.8,0.92,0.92,0.88,0.88,0.88,0.92,0.8,0.88,0.84,0.88,0.84,0.88,0.76,0.88,0.72,0.88,0.72,0.96,0.84,0.92,0.8,0.84,0.84,0.88,0.84,0.88,0.84,0.84,0.76,0.88,0.92,0.76,0.8,0.84,0.88,0.8,0.72,0.84,0.84,0.88,0.8,0.8,0.72,0.92,0.84,0.76,0.88,0.76,0.92,0.84,0.8,0.8,0.92,0.92,0.8,0.84,0.84,0.8,0.88,0.8,0.92,0.64,0.88,0.8,0.8,0.84,0.8,0.84,0.84,0.8,0.84,0.84,0.84,0.84,0.88,0.88,0.84,0.8,0.84,0.8,0.8,0.88,0.72,0.88,0.88,0.8,0.84,0.88,0.8,0.8,0.88,0.84,0.84,0.8,0.88,0.76,0.92,0.68,0.84,0.8,0.68,0.88,0.84,0.76,0.84,0.8,0.8,0.8,0.84,0.64,0.88,0.84,0.92,0.88,0.76,0.76,0.92,0.8,0.8,0.84,0.84,0.8,0.84,0.84,0.88,0.76,0.92,0.84,0.76,0.832999,
0.8,0.88,0.84,0.92,0.96,0.8,0.84,0.84,0.8,0.84,0.88,0.92,0.84,0.84,0.84,0.96,0.88,0.84,0.88,0.8,0.84,0.92,0.88,0.8,0.76,0.72,0.76,0.8,0.8,0.84,0.8,0.76,0.76,0.84,0.88,0.76,0.8,0.84,0.68,0.92,0.8,0.76,0.84,0.8,0.96,0.64,0.84,0.92,0.76,0.88,0.92,0.92,0.88,0.88,0.84,0.84,0.92,0.8,0.88,0.92,0.88,0.88,0.92,0.76,0.84,0.88,0.88,0.8,0.72,0.92,0.88,0.76,0.72,0.64,0.8,0.76,0.92,0.8,0.88,0.92,0.88,0.84,0.84,0.8,0.8,0.8,0.8,0.84,0.8,0.8,0.8,0.8,0.92,0.8,0.96,0.68,0.96,0.88,0.84,0.84,0.84,0.84,0.76,0.92,0.92,0.92,0.8,0.76,0.76,0.84,0.84,0.68,0.92,0.76,0.84,0.8,0.84,0.84,0.76,0.8,0.88,0.88,0.88,0.88,0.76,0.84,0.84,0.8,0.92,0.84,0.88,0.92,0.84,0.84,0.92,0.8,0.92,0.76,0.8,0.76,0.84,0.68,0.92,0.96,0.72,0.84,0.92,0.84,0.84,0.84,0.88,0.84,0.84,0.76,0.84,0.84,0.72,0.76,0.8,0.76,0.92,0.88,0.8,0.88,0.92,0.88,0.96,0.76,0.88,0.68,0.88,0.88,0.88,0.76,0.92,0.88,0.84,0.88,0.84,0.76,0.84,0.84,0.88,0.84,0.8,0.8,0.84,0.84,0.72,0.84,0.84,0.84,0.88,0.88,0.84,0.68,0.84,0.88,0.76,0.88,0.835399,
0.76,0.76,0.88,0.76,0.96,0.88,0.84,0.84,0.84,0.88,0.84,0.92,0.84,0.8,0.84,0.72,0.92,0.84,0.8,0.88,0.84,0.8,0.92,0.8,0.84,0.84,0.8,0.84,0.84,0.84,0.88,0.8,0.8,0.88,0.8,0.88,0.72,0.8,0.84,0.92,0.84,0.88,0.8,0.88,0.8,0.84,0.84,0.92,0.88,0.84,0.8,0.88,0.92,0.92,0.8,0.84,0.92,0.88,0.84,0.8,0.76,0.84,0.88,0.84,0.88,0.84,0.72,0.84,0.92,0.92,0.88,0.92,0.92,0.84,0.92,0.92,0.84,0.88,0.84,0.92,0.92,0.88,0.72,0.84,0.84,0.68,0.84,0.96,0.76,0.8,0.84,0.84,0.8,0.8,0.96,0.84,0.8,0.84,0.84,0.76,0.84,0.92,0.72,0.8,0.8,0.76,0.88,0.88,0.92,0.84,0.92,0.88,0.84,0.76,0.92,0.8,0.84,0.84,0.88,0.84,0.92,0.88,0.72,0.68,0.84,0.76,0.8,0.84,0.76,0.8,0.88,0.92,0.88,0.88,0.8,0.84,0.76,0.8,0.8,0.84,0.84,0.88,0.72,0.72,0.92,0.8,0.8,0.88,0.88,0.84,0.84,0.84,0.84,0.84,0.8,0.84,0.84,0.88,0.84,0.8,0.8,0.92,0.84,0.84,0.88,0.8,0.76,0.96,0.88,0.92,0.84,0.8,0.72,0.76,0.92,0.96,0.84,0.88,0.8,0.84,0.8,0.8,0.8,0.88,0.84,0.8,0.84,0.84,0.84,0.92,0.88,0.76,0.84,0.84,0.84,0.8,0.76,0.88,0.68,0.76,0.838799,
0.88,0.84,0.8,0.8,0.96,0.84,0.92,0.8,0.8,0.8,0.92,0.8,0.88,0.88,0.8,0.76,0.8,0.68,0.84,0.8,0.8,0.96,0.88,0.88,0.88,0.8,0.88,0.92,0.88,0.84,0.84,0.8,0.88,0.76,0.84,0.88,0.8,0.84,0.84,0.72,0.8,0.84,0.84,0.92,0.84,0.8,0.84,0.72,0.84,0.68,0.92,0.88,0.8,0.84,0.8,0.88,0.88,0.96,0.8,0.88,0.8,0.84,0.84,0.88,0.88,0.8,0.76,0.76,0.8,0.96,0.88,0.84,0.8,0.84,0.84,0.8,0.8,0.8,0.76,0.88,0.92,0.84,0.76,0.92,0.92,0.8,0.92,0.88,0.92,0.84,0.88,0.92,0.84,0.76,0.8,0.84,0.88,0.84,0.84,0.88,0.76,0.84,0.84,0.88,0.84,0.88,0.8,0.76,0.88,0.8,0.88,0.92,0.72,0.76,0.76,0.76,0.84,0.92,0.84,0.8,0.84,0.84,0.72,0.72,0.92,0.84,0.8,0.88,0.88,0.72,0.84,0.72,0.88,0.8,0.84,0.84,0.68,0.72,0.84,0.88,0.92,0.88,0.84,0.8,0.92,0.8,0.72,0.72,0.8,0.84,0.88,0.84,0.92,0.84,0.88,0.88,0.88,0.88,0.84,0.92,0.84,0.84,0.8,0.8,0.88,0.84,0.92,0.84,0.76,0.84,0.76,0.8,0.88,0.92,0.84,0.88,0.8,0.76,0.8,0.92,0.84,0.92,0.84,0.8,0.84,0.76,0.88,0.84,0.92,0.92,0.8,0.96,0.76,0.76,0.8,0.92,0.92,0.84,0.92,0.8,0.837399,
0.88,0.8,0.92,0.92,0.96,0.8,0.84,0.84,0.88,0.92,0.88,0.84,0.8,0.72,0.88,0.92,0.72,0.84,0.8,0.84,0.84,0.76,0.84,0.84,0.76,0.84,0.8,0.88,0.8,0.76,0.72,0.84,0.88,0.92,0.88,0.92,0.76,0.84,0.84,0.84,0.84,0.92,0.96,0.92,0.92,0.84,0.84,0.8,0.88,0.88,0.72,0.8,0.8,0.8,0.88,0.88,0.84,0.8,0.88,0.92,0.88,0.84,0.84,0.96,0.92,0.84,0.76,0.84,0.84,0.8,0.84,0.8,0.8,0.96,0.92,0.72,0.88,0.76,0.84,0.92,0.92,0.88,0.76,0.84,0.92,0.64,0.84,0.84,0.76,0.84,0.92,0.96,0.68,0.8,0.88,0.72,0.8,0.84,0.84,0.96,0.76,0.88,0.92,0.88,0.8,0.76,0.76,0.8,0.84,0.84,0.84,0.8,0.92,0.8,0.84,0.92,0.8,0.84,0.8,0.72,0.88,0.88,0.88,0.92,0.88,0.84,0.88,0.84,0.76,0.96,0.92,0.76,0.76,0.92,0.88,0.8,0.88,0.92,0.84,0.92,0.76,0.84,0.8,0.8,0.88,0.88,0.8,0.88,0.84,0.84,0.84,0.92,0.84,0.88,0.8,0.84,0.88,0.88,0.8,0.8,0.84,0.88,0.84,0.84,0.88,0.92,0.88,0.84,0.88,0.72,0.84,0.76,0.84,0.88,0.72,0.88,0.72,0.88,0.76,0.92,0.84,0.92,0.88,0.76,0.8,0.84,0.8,0.8,0.88,0.76,0.88,0.88,0.88,0.88,0.96,0.8,0.84,0.72,0.92,0.84,0.8426,
0.76,0.96,0.84,0.92,0.96,0.84,0.88,0.84,0.92,0.8,0.92,0.92,0.92,0.76,0.88,0.68,0.88,0.88,0.92,0.76,0.84,0.88,0.84,0.76,0.72,0.8,0.84,0.8,0.72,0.88,0.88,0.84,0.84,0.88,0.96,0.92,0.92,0.92,0.84,0.76,0.88,0.76,0.8,0.84,0.88,0.8,0.92,0.88,0.88,0.92,0.72,0.8,0.88,0.76,0.68,0.88,0.88,0.76,0.92,0.84,0.88,0.84,0.8,0.8,0.88,0.84,0.84,0.88,0.76,0.84,0.88,0.88,0.8,0.88,0.88,0.8,0.64,0.92,0.88,0.88,0.76,0.8,0.84,0.88,0.88,0.92,0.76,0.84,0.84,0.76,0.84,0.92,0.96,0.92,0.84,0.84,0.88,0.88,0.92,0.76,0.84,0.8,0.84,0.84,0.84,0.92,0.8,0.76,0.84,0.88,0.92,0.96,0.88,0.88,0.92,0.76,0.72,0.84,0.88,0.88,0.84,0.96,0.8,0.88,0.84,0.8,0.96,0.8,0.92,0.88,0.92,0.88,0.92,0.84,0.88,0.84,0.8,0.92,0.84,0.84,0.76,0.84,0.84,0.84,0.96,0.84,0.88,0.76,0.84,0.88,0.92,0.84,0.8,0.88,0.84,0.84,0.84,0.88,0.88,0.8,0.88,0.8,0.72,0.88,0.96,0.76,0.76,0.84,0.8,0.76,0.8,0.8,0.96,0.88,0.8,0.84,0.76,0.76,0.84,0.88,0.84,0.84,0.88,0.76,0.76,0.8,0.8,0.76,0.92,0.88,0.88,0.84,0.88,0.88,0.92,0.72,0.76,0.88,0.96,0.88,0.8462,
0.84,0.96,0.92,0.76,0.84,0.88,0.88,0.76,0.76,0.8,0.88,0.84,0.84,0.8,0.8,0.84,0.8,0.8,0.84,0.84,0.76,0.88,0.92,0.92,0.88,0.8,0.88,0.88,0.92,0.88,0.92,0.76,0.84,0.84,0.76,0.8,0.8,0.88,0.88,0.96,0.88,0.88,0.88,0.88,0.8,0.92,0.8,0.76,0.88,0.88,0.92,0.84,0.88,0.96,0.84,0.76,0.92,0.88,0.88,0.84,0.92,0.84,0.88,0.92,0.76,0.92,0.84,0.8,0.88,0.92,0.84,0.8,0.88,0.92,0.84,0.84,0.8,0.88,0.88,0.84,0.84,0.92,0.88,0.8,0.8,0.92,0.84,0.84,0.76,0.8,0.88,0.8,0.8,0.8,0.72,0.84,0.84,0.8,0.88,0.92,0.8,0.76,0.88,0.88,0.8,0.88,0.8,0.88,0.92,0.88,0.92,0.76,0.88,0.96,0.88,0.88,0.84,0.88,0.88,0.88,0.92,0.92,0.88,0.88,0.8,0.88,0.84,0.92,0.92,0.8,0.84,0.84,0.88,0.8,0.96,0.84,0.88,0.88,0.84,0.88,0.76,0.84,0.88,0.88,0.88,0.92,0.8,0.92,0.88,0.72,0.96,0.88,0.84,0.84,0.92,0.76,0.92,0.84,0.76,0.76,0.84,0.88,0.8,0.92,0.84,0.72,0.8,0.92,0.88,0.88,0.88,0.88,0.92,0.84,0.76,0.84,0.76,0.84,0.84,0.92,0.92,0.84,0.88,0.76,0.88,0.76,0.88,0.96,0.96,0.84,0.96,0.76,0.84,0.96,0.76,0.92,0.84,0.92,0.92,0.84,0.854799,
0.88,0.96,0.84,0.92,0.92,0.88,0.96,0.92,0.84,0.92,0.96,0.88,0.88,0.72,0.8,0.84,0.92,0.84,0.88,0.76,0.8,0.88,0.96,0.8,0.88,0.88,0.88,0.8,0.88,0.72,0.88,0.96,0.88,0.8,0.88,0.88,0.8,0.8,0.96,0.84,0.88,0.84,0.88,0.92,0.8,0.92,0.92,0.8,0.88,0.88,0.88,0.88,0.84,0.88,0.88,0.92,0.76,0.8,0.88,0.8,0.88,0.84,0.96,0.84,0.88,0.92,0.88,0.84,0.84,0.92,0.92,0.92,0.92,0.96,0.76,0.96,0.88,0.84,0.88,0.84,0.92,0.92,0.84,0.88,0.88,0.92,0.84,0.88,0.92,0.88,0.84,0.92,0.88,0.96,0.84,0.88,0.88,0.84,0.84,0.92,0.8,0.92,0.84,0.92,0.92,0.92,0.88,0.92,0.88,0.76,0.88,0.84,0.84,0.92,0.84,0.88,0.88,0.76,0.88,0.84,0.8,0.88,0.88,0.88,0.92,0.88,0.88,0.88,0.92,0.84,0.84,0.76,0.84,0.92,0.84,0.76,0.88,0.88,0.8,0.92,0.88,0.8,0.92,0.92,0.84,0.92,0.88,0.84,0.8,0.84,0.76,0.88,0.92,0.8,0.92,0.84,0.84,0.88,0.92,0.8,0.8,0.84,0.96,0.92,0.92,0.88,0.84,0.84,0.92,0.84,0.92,0.92,0.88,0.92,0.88,0.96,0.88,0.88,0.8,0.88,0.84,0.8,0.84,0.8,0.88,0.88,0.88,0.96,0.76,0.8,0.76,0.84,0.88,0.8,0.8,0.92,0.8,0.88,0.84,0.88,0.867599,
0.84,0.96,0.88,0.92,0.84,0.88,0.84,0.84,0.8,0.88,0.92,0.8,0.88,0.84,0.84,0.84,0.88,0.8,0.92,0.8,0.92,0.88,0.92,0.88,0.88,0.84,0.72,0.84,0.76,0.8,0.92,0.84,0.8,0.92,0.88,0.92,0.92,0.8,0.84,0.84,0.88,0.76,0.84,0.92,0.84,0.84,0.84,0.8,0.76,0.88,0.84,0.88,0.84,0.88,0.92,0.8,0.92,0.88,0.88,0.88,0.84,0.92,0.88,0.88,0.88,0.84,0.92,0.76,0.88,0.92,0.92,0.92,0.92,0.84,0.92,0.92,0.88,0.96,0.84,0.84,0.92,0.84,0.8,0.92,0.84,0.8,0.88,0.96,0.88,0.92,0.8,0.92,0.84,0.8,0.84,0.96,0.8,0.88,0.84,0.96,0.88,0.92,0.88,0.92,0.88,0.92,0.84,0.84,0.88,0.8,0.88,0.88,0.88,0.92,0.84,0.8,0.84,0.84,0.88,0.92,0.84,0.88,0.84,0.96,0.84,0.92,0.88,0.76,0.84,0.88,0.88,0.92,0.88,0.88,0.88,0.88,0.88,0.88,0.84,0.84,0.88,0.84,0.8,0.92,0.88,0.8,0.88,0.8,0.88,0.84,0.84,0.88,0.92,0.92,0.88,0.96,0.84,0.92,0.88,0.88,0.92,0.84,0.92,0.84,0.84,0.84,0.84,0.76,0.96,0.84,0.76,0.88,0.88,0.92,0.88,0.92,0.76,0.84,0.84,0.88,0.84,0.88,0.84,0.84,0.88,0.88,0.88,0.84,0.96,0.84,0.84,0.76,0.84,0.88,0.84,0.84,0.8,0.96,0.88,0.92,0.865799,
0.84,0.96,0.84,0.88,0.88,0.88,0.8,0.88,0.8,0.88,0.8,0.88,0.8,0.88,0.88,0.96,0.84,0.92,0.92,0.76,0.84,0.8,0.84,0.92,0.88,0.8,0.96,0.88,0.84,0.8,0.84,0.84,0.96,0.88,0.84,0.92,0.88,0.84,0.88,0.92,0.88,0.84,0.84,0.88,0.88,0.8,0.88,0.84,0.84,0.88,0.76,0.84,0.8,0.88,0.84,0.88,0.88,0.96,0.88,0.88,0.92,0.84,0.92,0.92,0.88,0.84,0.88,0.88,0.92,0.76,0.8,0.84,0.84,0.88,0.84,0.8,0.88,0.8,0.96,0.84,0.92,0.92,0.84,0.84,0.92,0.88,0.84,0.8,0.88,0.92,0.84,0.88,0.92,0.84,0.88,0.84,0.84,0.76,0.84,0.84,0.84,0.88,0.92,0.88,0.8,0.8,0.92,0.84,0.88,0.88,0.92,0.96,0.88,0.92,0.96,0.84,0.88,0.76,0.88,0.92,0.96,0.88,0.84,0.84,0.76,0.84,0.84,0.92,0.92,0.72,0.88,0.84,0.84,0.84,0.84,0.88,0.88,0.8,0.88,0.84,0.88,0.92,0.88,0.88,0.88,0.8,0.92,0.92,0.84,0.84,0.84,0.92,0.92,0.8,0.84,0.88,0.8,0.8,0.84,0.88,0.88,0.92,0.8,0.96,0.84,0.88,0.96,0.92,0.84,0.84,0.88,0.92,0.88,0.84,0.84,0.84,0.84,0.96,0.92,0.88,0.88,0.84,0.76,0.88,0.84,0.84,0.96,0.88,0.88,0.84,0.84,0.92,0.92,0.88,0.92,0.84,0.84,0.84,0.76,0.84,0.864999,
0.92,0.96,0.88,0.88,0.84,0.92,0.84,0.84,0.88,0.8,0.84,0.84,0.8,0.76,0.88,0.84,0.96,0.88,0.88,0.88,0.92,0.88,0.84,0.88,0.84,0.96,0.8,0.96,0.84,0.92,0.8,0.8,0.92,0.8,0.84,0.88,0.88,0.8,0.88,0.8,0.88,0.88,0.8,0.88,0.8,0.88,0.88,0.84,0.88,0.96,0.92,0.84,0.8,0.84,0.84,0.96,0.92,0.84,0.84,0.88,0.84,0.84,0.8,0.88,0.88,0.76,0.84,0.92,0.92,0.92,0.96,0.84,0.8,0.84,0.88,0.8,0.84,0.84,0.88,0.84,0.92,0.8,0.8,0.8,0.84,0.88,0.88,0.8,0.8,0.96,0.92,0.92,0.84,0.76,0.84,0.8,0.96,0.84,0.76,0.88,0.84,0.88,0.8,0.84,0.92,0.96,0.84,0.88,0.84,0.92,0.92,0.88,0.8,0.84,0.88,0.8,0.84,0.84,0.8,0.96,0.92,0.88,0.92,0.84,0.88,0.8,0.84,0.88,0.96,0.84,0.8,0.88,0.8,0.84,0.88,0.88,0.92,0.84,0.88,0.88,0.84,0.92,0.8,0.92,0.92,0.88,0.84,0.96,0.8,0.84,0.72,0.84,0.76,0.92,0.92,0.84,0.92,0.84,0.84,0.96,0.96,0.92,0.84,0.92,0.92,0.88,0.88,0.92,0.92,0.88,0.8,0.88,0.88,0.8,0.96,0.84,0.84,0.92,0.84,0.92,0.84,0.84,0.88,0.76,0.76,0.88,0.88,0.88,0.84,0.88,0.84,0.92,0.92,0.92,0.88,0.84,0.96,0.84,0.8,0.96,0.864999,
0.8,0.96,0.88,0.8,0.88,0.84,0.92,0.84,0.84,0.84,0.92,0.92,0.84,0.92,0.84,0.92,0.8,0.8,0.84,0.84,0.88,0.92,0.88,0.92,0.84,0.88,0.8,0.88,0.92,0.84,0.88,0.88,0.88,0.8,0.8,0.8,0.8,0.8,0.8,0.92,0.84,0.8,0.96,0.88,0.8,0.88,0.8,0.88,0.8,0.92,0.8,0.88,0.84,0.84,0.88,0.84,0.92,0.84,0.88,0.92,0.92,0.84,0.92,0.88,0.92,0.88,0.88,0.76,0.8,0.88,0.92,0.88,0.92,0.92,0.84,0.92,0.76,0.92,0.84,0.96,0.88,0.84,0.88,0.84,0.92,0.88,0.88,0.96,0.8,0.84,0.96,0.88,0.8,0.68,0.92,0.92,0.76,0.96,0.88,0.92,0.8,0.84,0.92,0.88,0.88,0.88,0.92,0.84,0.84,0.88,0.84,0.84,0.84,0.92,0.92,0.84,0.76,0.92,0.84,0.84,0.84,0.92,0.88,0.96,0.84,0.88,0.88,0.84,0.88,0.84,0.84,0.84,0.92,0.8,0.88,0.84,0.92,0.92,0.88,0.92,0.88,0.84,0.88,0.76,0.88,0.88,0.92,0.8,0.88,0.92,0.96,0.8,0.92,0.88,0.84,0.8,0.84,0.84,0.88,0.8,0.96,0.8,0.96,0.84,0.88,0.92,0.88,0.8,0.92,0.88,0.88,0.88,0.84,0.88,0.8,0.88,0.84,0.8,0.88,0.84,0.92,0.96,0.92,0.84,0.88,0.88,0.8,0.96,0.92,0.84,0.88,0.84,0.92,0.88,0.84,0.92,0.88,0.88,0.92,0.8,0.8676,
0.92,0.96,0.84,0.8,0.84,0.84,0.84,0.84,0.88,0.76,0.88,0.76,0.88,0.88,0.96,0.8,0.92,0.8,0.76,0.88,0.88,0.88,0.8,0.88,0.92,0.88,0.84,0.88,0.84,0.92,0.92,0.92,0.8,0.88,0.84,0.92,0.84,0.96,0.88,0.88,0.84,0.84,0.88,0.84,0.92,0.84,0.92,0.92,0.92,0.92,0.96,0.84,0.88,0.88,0.84,0.88,0.92,0.88,0.88,0.88,0.96,0.96,0.88,0.8,0.92,0.88,0.92,0.76,0.92,0.88,0.88,0.76,0.92,0.92,0.84,0.8,0.84,0.88,0.84,0.84,0.88,0.84,0.92,0.88,0.92,0.88,0.84,0.84,0.92,0.92,0.88,0.84,0.76,0.88,0.8,0.84,0.88,0.96,0.92,0.84,0.8,0.96,0.8,0.92,0.88,0.96,0.92,0.8,0.88,0.88,0.84,0.92,0.92,0.88,0.92,0.8,0.84,0.84,0.88,0.84,0.8,0.8,0.92,0.8,0.92,0.96,0.96,0.84,0.88,0.88,0.8,0.76,0.8,0.88,0.8,0.84,0.8,0.96,0.88,0.8,0.8,0.92,0.92,0.76,0.92,0.8,0.84,0.92,0.84,0.88,0.88,0.8,0.88,0.8,0.84,0.88,0.84,0.88,0.84,0.88,0.92,0.88,0.8,0.84,0.84,0.92,0.8,0.8,0.8,0.92,0.96,0.92,0.88,0.88,0.88,0.92,0.88,0.88,0.8,0.8,0.88,0.88,0.84,0.84,0.68,0.92,0.88,0.84,0.84,0.92,0.76,0.8,0.92,0.88,0.88,0.92,0.88,0.88,0.88,0.88,0.8666,
0.76,0.96,0.88,0.88,0.8,0.64,0.8,0.96,0.92,0.84,0.92,0.96,0.8,0.84,0.92,0.76,0.84,0.92,0.64,0.92,0.88,0.92,0.92,0.92,0.96,0.92,0.92,0.88,0.92,0.88,0.88,0.96,0.8,0.88,0.92,0.92,0.88,0.84,0.96,0.84,0.88,0.88,0.92,0.88,0.88,0.92,0.8,0.88,0.88,0.92,0.84,0.92,0.88,0.96,0.88,0.92,0.88,0.88,0.84,0.84,0.76,0.84,0.84,0.92,0.76,0.84,0.88,0.92,0.88,0.92,0.84,0.84,0.8,0.76,0.88,0.88,0.96,0.84,0.8,0.8,0.8,0.96,0.84,0.84,0.92,0.84,0.92,0.88,0.96,0.8,0.96,0.88,0.84,0.88,0.88,0.84,0.96,0.84,0.84,0.88,0.84,0.92,0.64,0.84,0.84,0.88,0.8,0.84,0.88,0.88,0.88,0.92,0.88,0.92,0.92,0.96,0.88,0.88,0.88,0.76,0.88,0.92,0.84,0.88,0.88,0.88,0.84,0.88,0.84,0.96,0.88,0.88,0.84,0.92,0.88,0.84,0.88,0.8,0.92,0.8,0.88,0.92,0.96,0.88,0.84,0.8,0.84,0.88,0.88,0.92,0.8,0.8,0.88,0.8,0.84,0.88,0.84,0.92,0.92,0.8,0.88,0.84,0.76,0.72,0.88,0.88,0.84,0.76,0.8,0.92,0.88,0.88,0.92,0.84,0.8,0.84,0.84,0.88,0.92,0.96,0.8,0.8,0.84,0.88,0.84,0.88,0.88,0.92,0.84,0.8,0.76,0.96,0.8,0.84,0.92,0.88,0.92,0.96,0.88,0.88,0.867199,
0.84,0.96,0.96,0.88,0.88,0.92,0.76,0.76,0.96,0.88,0.84,0.8,0.92,0.92,0.92,0.96,0.96,0.92,0.88,0.96,0.96,0.88,0.88,0.88,0.88,0.92,0.84,0.92,0.88,0.72,0.92,0.96,0.88,0.88,0.88,0.88,0.92,0.8,0.84,0.88,0.84,0.84,0.92,0.88,0.88,0.84,0.88,0.88,0.84,0.92,0.8,0.96,0.84,0.88,0.88,0.8,0.88,0.88,0.8,0.8,0.88,0.88,0.92,0.76,0.72,0.88,0.8,0.68,0.92,0.84,0.76,0.92,0.88,0.8,0.88,0.88,0.92,0.84,0.92,0.8,0.96,0.92,0.84,0.88,0.84,0.88,0.84,0.88,0.84,0.84,0.8,0.96,0.84,0.84,0.76,0.88,0.88,0.88,0.84,0.88,0.8,0.88,0.8,0.84,0.88,0.88,0.84,0.96,0.96,0.84,0.92,0.8,0.84,0.92,0.88,0.88,0.88,0.96,0.88,0.92,0.92,0.92,0.92,0.84,0.88,0.8,0.88,0.84,0.96,0.88,0.92,0.92,0.84,0.8,0.96,0.84,0.84,0.96,0.88,0.96,0.84,0.92,0.88,0.8,0.84,0.88,0.8,0.8,0.84,0.92,0.92,0.96,0.96,0.8,0.84,0.88,0.72,0.92,0.84,0.88,0.96,0.8,0.84,0.96,0.88,0.88,0.8,0.88,0.84,0.88,0.88,0.84,0.92,0.8,0.88,0.88,0.96,0.76,0.84,0.8,0.8,0.88,0.92,0.96,0.84,0.84,0.88,0.84,0.8,0.96,0.92,0.76,0.8,0.88,0.84,0.88,0.88,0.84,0.92,0.88,0.8702,
0.92,0.96,0.92,0.8,0.8,0.88,0.92,0.88,0.88,0.88,0.96,0.84,0.92,0.88,0.84,0.96,0.76,0.88,0.88,0.8,0.96,0.88,0.88,0.88,0.88,0.88,0.96,0.92,0.88,0.92,0.88,0.88,0.92,0.84,0.96,0.84,0.88,0.96,0.96,0.88,0.88,0.88,0.92,0.84,0.96,0.92,0.88,0.88,0.88,0.88,0.88,0.88,0.84,0.88,0.92,0.88,0.92,0.84,0.92,0.8,0.92,0.88,0.96,0.92,0.96,0.88,0.84,0.84,0.96,0.92,0.92,0.96,0.92,0.96,0.84,0.88,0.84,0.92,0.96,0.84,0.88,0.84,0.72,0.64,0.92,0.8,0.84,0.8,0.88,0.92,0.84,0.92,0.84,0.88,0.88,0.84,0.88,0.88,0.88,0.84,0.76,0.92,0.92,0.8,0.84,0.8,0.8,0.8,0.88,0.68,0.92,0.88,0.88,0.96,0.76,0.92,0.88,0.92,0.88,0.8,0.84,0.92,0.88,0.84,0.92,0.76,0.84,0.96,0.88,0.88,0.76,0.84,0.96,0.96,0.8,0.84,0.88,0.88,0.92,0.8,0.92,0.92,0.84,0.96,0.92,0.88,0.88,0.92,0.76,0.76,0.84,0.92,0.96,0.76,0.88,0.84,0.88,0.88,0.96,0.88,0.88,0.92,0.8,0.88,0.76,0.92,0.68,0.96,0.96,0.92,0.92,0.8,0.76,0.68,0.96,0.84,0.84,0.84,0.96,0.96,0.84,0.84,0.84,0.96,0.88,0.88,0.96,0.84,0.92,0.88,0.8,0.84,0.88,0.96,0.96,0.76,0.88,0.76,0.92,0.84,0.8746,
0.96,0.96,0.92,0.92,0.8,0.92,0.88,0.88,0.8,0.84,0.88,0.8,0.84,0.88,0.76,0.96,0.88,0.88,0.96,0.84,0.84,0.96,0.84,0.88,0.92,0.96,0.8,0.84,0.8,0.88,0.88,0.92,0.88,0.96,0.84,0.8,0.84,0.92,0.84,0.88,0.96,0.84,0.88,0.96,0.96,0.84,0.92,0.88,0.88,0.92,0.88,0.96,0.88,0.92,0.88,0.96,0.96,0.88,0.84,0.8,0.92,0.88,0.96,0.88,0.8,0.84,0.88,0.84,0.92,0.76,0.96,0.84,0.84,0.84,0.92,0.92,0.88,0.88,0.88,0.92,0.8,0.88,0.92,0.92,0.96,0.84,0.96,0.84,0.88,0.92,0.92,0.88,0.96,0.88,0.96,0.92,0.76,0.88,0.88,0.88,0.68,0.88,0.88,0.88,0.84,0.92,0.84,0.92,0.96,0.76,0.88,0.84,0.96,0.96,0.88,0.88,0.84,0.96,0.92,0.84,0.88,0.96,0.84,0.88,0.84,0.96,0.88,0.88,0.92,0.96,0.92,0.88,0.88,0.84,0.88,0.68,0.88,0.92,0.88,0.92,0.88,0.88,0.96,0.84,0.88,0.92,0.84,0.92,0.96,0.92,0.92,0.8,0.92,0.92,0.8,0.84,0.88,0.96,0.92,0.88,0.92,0.8,0.92,0.88,0.88,0.88,0.92,0.88,0.88,0.92,0.92,0.88,0.92,0.92,0.88,0.92,0.96,0.92,0.76,0.96,0.8,0.96,0.88,0.84,0.96,0.96,0.92,0.84,0.96,0.96,0.88,0.96,0.92,0.92,0.92,0.8,0.84,0.96,0.88,0.92,0.8874,
0.96,0.92,0.68,0.96,0.92,0.92,0.96,0.92,0.96,0.92,0.92,0.76,0.88,0.84,0.92,0.92,0.92,0.92,0.96,0.8,0.88,0.8,0.88,0.84,0.88,0.84,0.8,0.84,0.8,0.8,0.92,0.72,0.84,0.92,0.92,0.96,0.96,0.88,0.96,0.8,0.88,0.84,0.92,0.88,0.8,0.88,0.96,0.92,0.88,0.76,0.84,0.92,0.88,0.92,0.96,0.84,0.88,0.88,0.96,0.84,0.8,0.84,0.96,0.88,0.84,0.92,0.84,0.88,0.88,0.88,0.88,0.96,0.88,0.96,0.84,0.8,0.92,0.96,0.96,0.88,0.84,0.84,0.92,0.92,0.96,0.92,0.84,0.92,0.92,0.8,0.96,0.96,0.8,0.92,0.92,0.96,0.96,0.92,0.96,0.88,0.76,0.88,0.8,0.96,0.92,0.84,0.96,0.88,0.88,0.84,0.92,0.92,0.88,0.92,0.92,0.92,0.84,0.92,0.96,0.76,0.96,0.96,0.96,0.88,0.88,0.92,0.92,0.92,0.96,0.84,0.88,0.8,0.84,0.84,0.88,0.84,0.84,0.96,0.88,0.92,0.96,0.92,0.8,0.88,0.88,0.84,0.84,0.88,0.88,0.92,0.96,0.92,0.88,0.92,0.84,0.88,0.92,0.88,0.96,0.72,0.84,0.8,0.8,0.8,0.88,0.84,0.84,0.84,0.88,0.84,0.88,0.84,0.92,0.92,0.92,0.84,0.88,0.88,0.92,0.72,0.96,0.92,0.88,0.96,0.88,0.84,0.92,0.88,0.84,0.96,0.92,0.92,0.76,0.96,0.96,0.88,0.88,0.92,0.96,0.84,0.8854,
0.96,0.84,0.88,0.88,0.88,0.92,0.96,0.96,0.8,0.96,0.96,0.92,0.92,0.88,0.92,0.88,0.88,0.88,0.8,0.92,0.88,0.8,0.8,0.92,0.88,0.84,0.92,0.92,0.92,0.88,0.92,0.96,0.84,0.84,0.88,0.84,0.88,0.88,0.88,0.88,0.92,0.88,0.8,0.96,0.84,0.88,0.88,0.88,0.96,0.96,0.76,0.92,0.96,0.88,0.88,0.88,0.84,0.84,0.84,0.8,0.88,0.84,0.88,0.8,0.88,0.92,0.88,0.84,0.92,0.88,0.88,0.92,0.96,0.92,0.88,0.92,0.88,0.84,0.96,0.96,0.96,0.92,0.88,0.96,0.88,0.92,0.92,0.92,0.8,0.96,0.92,0.92,0.88,0.96,0.76,0.84,0.92,0.88,0.88,0.84,0.92,0.8,0.84,0.84,0.88,0.96,0.92,0.88,0.96,0.92,0.96,0.88,0.88,0.92,0.84,0.96,0.76,0.92,0.8,0.96,0.92,0.84,0.84,0.84,0.8,0.84,0.92,0.96,0.8,0.88,0.88,0.88,0.68,0.92,0.92,0.84,0.8,0.92,0.84,0.96,0.96,0.84,0.88,0.84,0.88,0.96,0.8,0.92,0.84,0.88,0.88,0.96,0.96,0.88,0.88,0.96,0.88,0.92,0.88,0.96,0.88,0.72,0.88,0.92,0.8,0.96,0.96,0.84,0.88,0.96,0.92,0.84,0.88,0.84,0.96,0.92,0.88,0.8,0.96,0.96,0.92,0.84,0.88,0.88,0.88,0.92,0.92,0.96,0.8,0.88,0.84,0.84,0.92,0.96,0.84,0.8,0.88,0.88,0.92,0.88,0.8866,
0.96,0.96,0.84,0.88,0.96,0.88,0.88,0.84,0.96,0.88,0.88,0.92,0.96,0.92,0.84,0.84,0.84,0.8,0.92,0.88,0.92,0.96,0.92,0.92,0.88,0.8,0.92,0.92,0.88,0.84,0.88,0.88,0.88,0.8,0.88,0.96,0.88,0.88,0.96,0.92,0.96,0.84,0.96,0.92,0.92,0.96,0.92,0.84,0.92,0.92,0.92,0.84,0.88,0.88,0.84,0.8,0.88,0.92,0.88,0.88,0.92,0.88,0.96,0.8,0.88,0.84,0.96,0.88,0.88,0.84,0.92,0.84,0.92,0.92,0.96,0.96,0.96,0.88,0.88,0.8,0.84,0.96,0.96,0.92,0.92,0.92,0.96,0.84,0.88,0.84,0.88,0.92,0.8,0.96,0.92,0.96,0.92,0.88,0.96,0.92,0.88,0.96,0.88,0.92,0.92,0.84,0.88,0.88,0.92,0.92,0.88,0.88,0.88,0.88,0.8,0.88,0.88,0.84,0.88,0.88,0.96,0.96,0.84,0.84,0.92,0.88,0.96,0.92,0.92,0.92,0.96,0.88,0.92,0.88,0.96,0.84,0.84,0.88,0.92,0.96,0.88,0.88,0.8,0.84,0.92,0.84,0.92,0.88,0.92,0.92,0.88,0.88,0.92,0.92,0.84,0.92,0.84,0.88,0.8,0.88,0.96,0.88,0.96,0.8,0.88,0.88,0.96,0.88,0.84,0.96,0.92,0.88,0.88,0.8,0.84,0.92,0.96,0.96,0.92,0.84,0.92,0.88,0.84,0.88,0.8,0.84,0.96,0.96,0.96,0.76,0.84,0.96,0.88,0.88,0.96,0.8,0.96,0.92,0.96,0.88,0.894,
0.96,0.88,0.96,0.8,0.92,0.96,0.92,0.92,0.84,0.84,0.84,0.84,0.88,0.92,0.88,0.92,0.92,0.92,0.8,0.92,0.96,0.96,0.92,0.88,0.92,0.8,0.88,0.92,0.96,0.84,0.84,0.92,0.92,0.88,0.96,0.84,0.92,0.92,0.96,0.96,0.92,0.88,0.84,0.96,0.92,0.96,0.88,0.88,0.88,0.84,0.92,0.92,0.96,0.92,0.88,0.96,0.96,0.84,0.96,0.8,0.8,0.88,0.92,0.84,0.92,0.92,0.96,0.92,0.84,0.88,0.92,0.96,0.88,0.88,0.96,0.84,0.92,0.84,0.96,0.92,0.88,0.92,0.88,0.92,0.8,0.92,0.92,0.96,0.88,0.88,0.84,0.92,0.84,0.92,0.88,0.84,0.88,0.88,0.88,0.84,0.92,0.88,0.76,0.92,0.84,0.92,0.92,0.88,0.96,0.92,0.96,0.92,0.96,0.96,0.84,0.76,0.84,0.96,0.96,0.92,0.96,0.8,0.88,0.92,0.92,0.92,0.88,0.84,0.96,0.84,0.96,0.96,0.84,0.96,0.92,0.96,0.96,0.96,0.96,0.8,0.96,0.88,0.96,0.88,0.88,0.92,0.92,0.92,0.96,0.92,0.92,0.84,0.96,0.92,0.96,0.88,0.88,0.92,0.92,0.84,0.96,0.96,0.96,0.84,0.96,0.92,0.92,0.96,0.92,0.88,0.8,0.88,0.96,0.96,0.92,0.88,0.92,0.92,0.92,0.88,0.96,0.88,0.84,0.92,0.96,0.96,0.92,0.88,0.88,0.92,0.84,0.96,0.88,0.88,0.92,0.96,0.8,0.92,0.92,0.88,0.9028,
0.96,0.88,0.88,0.96,0.92,0.84,0.92,0.96,0.92,0.76,0.96,0.88,0.96,0.8,0.92,0.8,0.88,0.88,0.88,0.88,0.96,0.92,0.96,0.88,0.96,0.84,0.88,0.88,0.92,0.92,0.88,0.92,0.92,0.92,0.96,0.96,0.96,0.96,0.96,0.92,0.96,0.96,0.92,0.96,0.88,0.88,0.92,0.92,0.84,0.96,0.96,0.92,0.88,0.92,0.92,0.88,0.96,0.96,0.76,0.92,0.92,0.88,0.92,0.96,0.88,0.8,0.96,0.84,0.96,0.84,0.88,0.96,0.92,0.88,0.88,0.96,0.88,0.88,0.92,0.92,0.92,0.96,0.92,0.88,0.96,0.96,0.88,0.92,0.88,0.88,0.88,0.96,0.92,0.88,0.76,0.96,0.96,0.88,0.92,0.8,0.88,0.92,0.92,0.96,0.92,0.88,0.96,0.8,0.92,0.96,0.96,0.88,0.96,0.96,0.92,0.92,0.8,0.96,0.92,0.92,0.92,0.84,0.92,0.96,0.84,0.96,0.88,0.8,0.96,0.92,0.96,0.96,0.88,0.96,0.92,0.92,0.96,0.92,0.76,0.96,0.96,0.92,0.96,0.88,0.88,0.88,0.88,0.92,0.92,0.96,0.8,0.88,0.84,0.96,0.92,0.96,0.88,0.88,0.84,0.96,0.96,0.96,0.84,0.88,0.96,0.88,0.88,0.76,0.92,0.84,0.96,0.92,0.88,0.96,0.92,0.88,0.96,0.92,0.96,0.84,0.84,0.96,0.96,0.96,0.84,0.88,0.88,0.96,0.8,0.8,0.84,0.88,0.96,0.96,0.92,0.96,0.88,0.96,0.92,0.96,0.9076,
0.96,0.96,0.88,0.92,0.84,0.96,0.88,0.92,0.8,0.92,0.96,0.96,0.88,0.88,0.84,0.96,0.92,0.96,0.88,0.8,0.92,0.84,0.88,0.92,0.84,0.92,0.96,0.92,0.96,0.92,0.92,0.76,0.84,0.96,0.96,0.96,0.96,0.88,0.72,0.92,0.92,0.88,0.92,0.88,0.96,0.84,0.92,0.92,0.88,0.96,0.8,0.92,0.88,0.88,0.88,0.96,0.96,0.88,0.88,0.96,0.92,0.88,0.92,0.96,0.92,0.92,0.96,0.96,0.92,0.88,0.76,0.8,0.92,0.84,0.92,0.96,0.92,0.96,0.84,0.92,0.88,0.92,0.88,0.88,0.84,0.96,0.88,0.84,0.92,0.96,0.84,0.92,0.92,0.88,0.96,0.92,0.96,0.96,0.96,0.96,0.76,0.84,0.92,0.96,0.96,0.76,0.88,0.84,0.88,0.88,0.88,0.92,0.92,0.92,0.92,0.92,0.96,0.96,0.92,0.92,0.92,0.92,0.84,0.96,0.84,0.88,0.92,0.92,0.92,0.96,0.92,0.88,0.96,0.84,0.92,0.92,0.88,0.88,0.88,0.84,0.92,0.96,0.96,0.88,0.76,0.92,0.88,0.96,0.92,0.96,0.92,0.96,0.96,0.76,0.92,0.88,0.92,0.92,0.96,0.84,0.92,0.96,0.92,0.92,0.92,0.96,0.92,0.96,0.92,0.96,0.92,0.76,0.88,0.72,0.96,0.96,0.88,0.96,0.92,0.88,0.96,0.88,0.96,0.96,0.88,0.96,0.92,0.96,0.92,0.92,0.96,0.92,0.92,0.96,0.92,0.88,0.96,0.96,0.96,0.96,0.9072,
0.96,0.96,0.92,0.96,0.92,0.92,0.84,0.96,0.92,0.88,0.88,0.88,0.92,0.96,0.96,0.96,0.92,0.8,0.92,0.84,0.96,0.88,0.88,0.96,0.92,0.88,0.88,0.88,0.96,0.8,0.96,0.8,0.92,0.84,1,0.92,0.92,0.96,0.96,0.92,0.96,0.84,0.92,0.88,0.92,0.72,0.88,0.8,0.96,0.96,0.88,0.96,0.96,0.88,0.96,0.88,0.92,0.92,0.96,0.96,0.92,0.88,0.92,0.96,0.92,0.92,0.88,0.96,0.96,0.96,0.92,0.8,0.88,0.96,0.88,0.8,0.88,0.84,0.96,0.92,0.88,0.88,0.96,0.92,0.92,0.92,0.88,0.88,0.92,0.96,0.96,0.96,0.84,0.92,0.96,0.96,0.88,0.88,0.96,0.92,0.88,0.92,0.88,0.84,0.88,0.84,0.92,0.96,0.96,0.96,0.84,0.96,0.96,0.92,0.96,0.88,0.92,0.92,0.96,0.84,0.88,0.96,0.92,0.88,0.92,0.92,0.88,0.92,0.92,0.92,0.96,0.96,0.84,0.96,0.92,0.96,0.92,0.96,0.96,0.96,0.88,0.96,0.96,0.84,0.88,0.92,0.96,0.92,0.88,0.96,0.92,0.92,0.92,0.92,0.92,0.88,0.96,0.92,0.92,0.92,0.92,0.96,0.92,0.92,0.88,0.92,0.96,0.88,0.96,0.96,0.92,0.96,0.92,0.84,0.88,0.8,0.96,0.92,0.8,0.96,0.96,0.92,0.96,0.88,0.96,0.92,0.84,0.92,0.88,0.8,0.96,0.96,0.92,0.96,0.88,0.96,0.92,0.96,0.92,0.88,0.9138,
